Name,Press release/Article,Posted by,Organism,Functions,Categories,Notes,Editor,Collection,Paper website,Paper,Technology category,Development stage,SDGs addressed,Keywords,Mimic level,"Biomimicry ""type""",Innovation Summary,Biomimicry Summary,University Address,Primary Author,Primary Author Email,Video,Photos,Paper 2,Supplemental material,Paper mentions biomimicry?,Patent,Patent number,Patent year,Patent mentions biomimicry?,Date/Time Created,Added by
Spiders weaving liquid to silk without heat,,,Spiders,,,,,,,,,,,,,,https://www.theguardian.com/world/2021/jan/04/spider-man-style-medical-gun-spins-out-skin-substitute-for-burns ,,,,,,,,,,,,,,1/19/21 5:37,
Look Inside a Rattlesnake's Rattle,,,,,,,,,,,,,,,,,,,,,,https://www.youtube.com/watch?v=ZO4IAZycUik&ab_channel=DeepLook,,,,,,,,,1/13/21 13:51,Ashley Hall
Watch These Peregrine Falcons Become Fierce Parents,,,,,,,,,,,,,,,,,,,,,,https://www.youtube.com/watch?v=RTNZmnD27is&ab_channel=DeepLook,,,,,,,,,1/13/21 13:47,Ashley Hall
Ever Seen a Starfish Gallop?,,,,,,,,,,,,,,,,,,,,,,https://www.youtube.com/watch?v=9rxf_2EgwfE&ab_channel=DeepLook,,,,,,,,,1/13/21 13:46,Ashley Hall
A Very Spine-Tingling Spider - Screening with Deep Look,,,,,,,,,,,,,,,,,,,,,,https://www.youtube.com/watch?v=oo63rbdbIks&ab_channel=DeepLook,,,,,,,,,1/13/21 13:43,Ashley Hall
See Sea Slugs Scour Seagrass by the Seashore,,,,,,,,,,,,,,,,,,,,,,https://www.youtube.com/watch?v=kjvhVVu5uqE&ab_channel=DeepLook,,,,,,,,,1/13/21 13:41,Ashley Hall
Here's How That Annoying Fly Dodges Your Swatter,,,,,,,,,,,,,,,,,,,,,,https://www.youtube.com/watch?v=jBPFCvEhv9Y&ab_channel=DeepLook,,,,,,,,,1/13/21 13:37,Ashley Hall
These Silk-Swinging Caterpillars Will Ruin Your Picnic,,,,,,,,,,,,,,,,,,,,,,https://www.youtube.com/watch?v=fv16qtBBdJI&ab_channel=DeepLook,,,,,,,,,1/13/21 13:34,Ashley Hall
Silkie Chicken,,,,,,,,,,,,,,,,,,,,,,https://www.youtube.com/watch?v=9qqa54BoVzg&ab_channel=AviBirds,,,,,,,,,1/13/21 13:24,Ashley Hall
Chinese Goose ,,,,,,,,,,,,,,,,,,,,,,https://www.youtube.com/watch?v=7cUMgm307yo&ab_channel=AviBirds,,,,,,,,,1/13/21 13:23,Ashley Hall
Broad-breasted White Turkey,,,,,,,,,,,,,,,,,,,,,,https://www.youtube.com/watch?v=792Y_BBOMeo&ab_channel=AviBirds,,,,,,,,,1/13/21 13:22,Ashley Hall
Yokohama Chicken,,,,,,,,,,,,,,,,,,,,,,https://www.youtube.com/watch?v=w9zS-rF4sqE&ab_channel=AviBirds,,,,,,,,,1/13/21 13:21,Ashley Hall
Common Raven (Corvus corax),,,,,,,,,,,,,,,,,,,,,,"https://www.youtube.com/watch?v=RGU3bapbhf0&ab_channel=AviBirds

",,,,,,,,,1/13/21 13:20,Ashley Hall
Eurasian magpie (Pica pica),,,,,,,,,,,,,,,,,,,,,,https://www.youtube.com/watch?v=sqCD3_wR0WA&ab_channel=AviBirds,,,,,,,,,1/13/21 13:11,Ashley Hall
Great Tit (Parus major),,,,,,,,,,,,,,,,,,,,,,https://www.youtube.com/watch?v=-x-gE0JqlBw&ab_channel=AviBirds,,,,,,,,,1/13/21 13:07,Ashley Hall
Syrian Woodpecker (Dendrocopos syriacus),,,,,,,,,,,,,,,,,,,,,,https://www.youtube.com/watch?v=Q6JVGDznXUI&ab_channel=AviBirds,,,,,,,,,1/13/21 13:02,Ashley Hall
Red-crowned Parakeet (Cyanoramphus novaezelandiae),,,,,,,,,,,,,,,,,,,,,,https://www.youtube.com/watch?v=G-KsrBeJOjE&ab_channel=AviBirds,,,,,,,,,1/13/21 13:00,Ashley Hall
Sebright Chicken,,,,,,,,,,,,,,,,,,,,,,https://www.youtube.com/watch?v=xhh6zsMhO7U&ab_channel=AviBirds,,,,,,,,,1/13/21 13:00,Ashley Hall
Black-crowned Night Heron (Nycticorax nycticorax),,,,,,,,,,,,,,,,,,,,,,https://www.youtube.com/watch?v=MA5BtKjz0ME&ab_channel=AviBirds,,,,,,,,,1/13/21 12:59,Ashley Hall
Eurasian wigeon (Mareca penelope),,,,,,,,,,,,,,,,,,,,,,https://www.youtube.com/watch?v=go3WPoxgLOo&ab_channel=AviBirds,,,,,,,,,1/13/21 12:55,Ashley Hall
Black-headed Duck (Heteronetta atricapilla),,,,,,,,,,,,,,,,,,,,,,https://www.youtube.com/watch?v=NhoElQ4oLhE&ab_channel=AviBirds,,,,,,,,,1/13/21 12:54,Ashley Hall
Red-breasted Goose (Branta ruficollis),,,,,,,,,,,,,,,,,,,,,,https://www.youtube.com/watch?v=6UaFo-_RrJQ&ab_channel=AviBirds,,,,,,,,,1/13/21 12:53,Ashley Hall
Muscovy Duck (Cairina moschata),,,,,,,,,,,,,,,,,,,,,,https://www.youtube.com/watch?v=LPyfM7miSqA&ab_channel=AviBirds,,,,,,,,,1/13/21 12:52,Ashley Hall
Greater White-fronted Goose (Anser albifrons),,,,,,,,,,,,,,,,,,,,,,https://www.youtube.com/watch?v=bZZCQDZAGbc&ab_channel=AviBirds,,,,,,,,,1/13/21 12:50,Ashley Hall
Common Shelduck (Tadorna tadorna),,,,,,,,,,,,,,,,,,,,,,https://www.youtube.com/watch?v=x0tYSZ68Ywg&ab_channel=AviBirds,,,,,,,,,1/13/21 12:47,Ashley Hall
Release Dove (Columba livia domestica),,,,,,,,,,,,,,,,,,,,,,https://www.youtube.com/watch?v=nGdZii8IAB8&ab_channel=AviBirds,,,,,,,,,1/13/21 12:45,Ashley Hall
Whooper Swan (Cygnus cygnus),,,,,,,,,,,,,,,,,,,,,,https://www.youtube.com/watch?v=qwWKf7ag9Ls&ab_channel=AviBirds,,,,,,,,,1/13/21 12:44,Ashley Hall
Budgerigar (Melopsittacus undulatus),,,,,,,,,,,,,,,,,,,,,,https://www.youtube.com/watch?v=OC2OgKAJhI8&ab_channel=AviBirds,,,,,,,,,1/13/21 12:41,Ashley Hall
Demoiselle Crane (Grus virgo),,,,,,,,,,,,,,,,,,,,,,https://www.youtube.com/watch?v=iHOTjkWmgnM&ab_channel=AviBirds,,,,,,,,,1/13/21 12:40,Ashley Hall
Yellow-legged Gull (Larus michahellis),,,,,,,,,,,,,,,,,,,,,,https://www.youtube.com/watch?v=v0jznmlrF7U&ab_channel=AviBirds,,,,,,,,,1/13/21 12:39,Ashley Hall
Little Egret (Egretta garzetta),,,,,,,,,,,,,,,,,,,,,,https://www.youtube.com/watch?v=V3lw4WQNsUU&ab_channel=AviBirds,,,,,,,,,1/13/21 12:37,Ashley Hall
Mandarin Duck (Aix galericulata),,,,,,,,,,,,,,,,,,,,,,https://www.youtube.com/watch?v=svuW7Jv34u4&ab_channel=AviBirds,,,,,,,,,1/13/21 12:36,Ashley Hall
White-naped Crane (Antigone vipio),,,,,,,,,,,,,,,,,,,,,,https://www.youtube.com/watch?v=bxiwuHiBq7Y&ab_channel=AviBirds,,,,,,,,,1/13/21 12:35,Ashley Hall
Bar-headed goose (Anser indicus),,,,,,,,,,,,,,,,,,,,,,https://www.youtube.com/watch?v=pJMNmEEVMC4&ab_channel=AviBirds,,,,,,,,,1/13/21 12:34,Ashley Hall
Black Swan (Cygnus atratus),,,,,,,,,,,,,,,,,,,,,,https://www.youtube.com/watch?v=Udu_Y78QE5I&ab_channel=AviBirds,,,,,,,,,1/13/21 12:33,Ashley Hall
Brahma Chicken,,,,,,,,,,,,,,,,,,,,,,https://www.youtube.com/watch?v=DGDpa_mkn6A&ab_channel=AviBirds,,,,,,,,,1/13/21 12:22,Ashley Hall
Cape Barren Goose (Cereopsis novaehollandiae),,,,,,,,,,,,,,,,,,,,,,https://www.youtube.com/watch?v=1pUz9V7njLg&ab_channel=AviBirds,,,,,,,,,1/13/21 12:21,Ashley Hall
Great Egret (Ardea alba),,,,,,,,,,,,,,,,,,,,,,https://www.youtube.com/watch?v=K2cFbI7QdIw&ab_channel=AviBirds,,,,,,,,,1/13/21 12:18,Ashley Hall
Indian Runner Duck (Anas platyrhynchos domesticus),,,,,,,,,,,,,,,,,,,,,,https://www.youtube.com/watch?v=wXLJSCobBEM&ab_channel=AviBirds,,,,,,,,,1/13/21 12:16,Ashley Hall
Black-headed Gull (Chroicocephalus ridibundus),,,,,,,,,,,,,,,,,,,,,,https://www.youtube.com/watch?v=jhHM8Pxu5sw&ab_channel=AviBirds,,,,,,,,,1/13/21 12:14,Ashley Hall
Helmeted Guineafowl (Numida meleagris),,,,,,,,,,,,,,,,,,,,,,https://www.youtube.com/watch?v=IleQmIwb1C4&ab_channel=AviBirds,,,,,,,,,1/13/21 12:12,Ashley Hall
Great White Pelican (Pelecanus onocrotalus),,,,,,,,,,,,,,,,,,,,,,https://www.youtube.com/watch?v=7Tvn60WVz3Q&t=3s&ab_channel=AviBirds,,,,,,,,,1/13/21 12:10,Ashley Hall
Ruddy Shelduck (Tadorna ferruginea),,,,,,,,,,,,,,,,,,,,,,https://www.youtube.com/watch?v=xPKV7QqI16w&ab_channel=AviBirds,,,,,,,,,1/13/21 12:05,Ashley Hall
Great Cormorant (Phalacrocorax carbo),,,,,,,,,,,,,,,,,,,,,,https://www.youtube.com/watch?v=N0F1rUF0HNI&ab_channel=AviBirds,,,,,,,,,1/13/21 12:03,Ashley Hall
Greater Flamingo (Phoenicopterus roseus),,,,,,,,,,,,,,,,,,,,,,https://www.youtube.com/watch?v=0MqdtjgH7zQ&ab_channel=AviBirds,,,,,,,,,1/13/21 12:01,Ashley Hall
Grey Crowned Crane (Balearica regulorum),,,,,,,,,,,,,,,,,,,,,,https://www.youtube.com/watch?v=6MmCzQYuMUE&ab_channel=AviBirds,,,,,,,,,1/13/21 11:58,Ashley Hall
Indian peafowl (Pavo cristatus),,,,,,,,,,,,,,,,,,,,,,https://www.youtube.com/watch?v=zNxXn_aN9_U&ab_channel=AviBirds,,,,,,,,,1/13/21 11:56,Ashley Hall
Tula Fighting Goose,,,,,,,,,,,,,,,,,,,,,,https://www.youtube.com/watch?v=D52enHXz8b0&ab_channel=AviBirds,,,,,,,,,1/13/21 11:56,Ashley Hall
White Stork (Ciconia ciconia),,,,,,,,,,,,,,,,,,,,,,https://www.youtube.com/watch?v=Dfs3T1Nd40E&ab_channel=AviBirds,,,,,,,,,1/13/21 11:52,Ashley Hall
Moorhen (Gallinula),,,,,,,,,,,,,,,,,,,,,,https://www.youtube.com/watch?v=2psmJ0QtJlI&ab_channel=AviBirds,,,,,,,,,1/13/21 11:49,Ashley Hall
Mute Swan (Cygnus olor),,,,,,,,,,,,,,,,,,,,,,https://www.youtube.com/watch?v=uNjZS26jGv0&ab_channel=AviBirds,,,,,,,,,1/13/21 11:45,Ashley Hall
Mallard Duck (Anas platyrhychos),,,,,,,,,,,,,,,,,,,,,,"https://www.youtube.com/watch?v=zlIpkR589Q4&ab_channel=AviBirds

https://www.youtube.com/watch?v=Q-8GXk9r0ik&t=4s&ab_channel=DeepLook
",,,,,,,,,1/13/21 11:42,Ashley Hall
Hooded Crow (Corvus cornix),,,,,,,,,,,,,,,,,,,,,,https://www.youtube.com/watch?v=OXX2sg1K6co&ab_channel=AviBirds,,,,,,,,,1/13/21 11:37,Ashley Hall
Greylag Goose (Anser anser),,,,,,,,,,,,,,,,,,,,,,https://www.youtube.com/watch?v=T0qYRz2oDmI&ab_channel=AviBirds,,,,,,,,,1/13/21 11:37,Ashley Hall
"Why doesn't Ebola cause disease in bats, as it does in people?",https://www.sciencedaily.com/releases/2020/08/200818142147.htm,,,,,,,,,,,,,,,,,,,,,,,,,,,,,,8/19/20 6:58,Alex Ralevski
Could Owl and Crocodilian Tears Lead to a Cure for Your Dry Eyes?,https://www.nytimes.com/2020/08/13/science/animal-tears.html,,,,,,,,,,,,,,,,,,,,,,,,,,,,,,8/17/20 9:59,Alex Ralevski
Enhanced water repellent surfaces discovered in nature,https://www.nsf.gov/discoveries/disc_summ.jsp?cntn_id=300932&WT.mc_id=USNSF_1#.Xzp6TIX7r-A.linkedin,,,,,,,,,,,,,,,,,,,,,,,,,,,,,,8/17/20 9:59,Alex Ralevski
"Biology blurs line between sexes, behaviors",https://www.sciencedaily.com/releases/2020/08/200810140949.htm,,,,,,,,,,,,,,,,,,,,,,,,,,,,,,8/12/20 7:44,Alex Ralevski
This fruit attracts birds with an unusual way of making itself metallic blue,https://www.sciencedaily.com/releases/2020/08/200806111854.htm,,,,,,,,,,,,,,,,,,,,,,,,,,,,,,8/7/20 9:56,Alex Ralevski
3D video reveals how sperm really swim,https://www.sciencemag.org/news/2020/07/watch-3d-video-reveal-how-sperm-really-swim,,,,,,,,,,,,,,,,,,,,,,,,,,,,,,8/5/20 9:47,Alex Ralevski
The Male Anglerfish’s Evolutionary Solution to Female Rejection,https://www.nytimes.com/2020/07/30/science/anglerfish-immune-rejection.html,,,,,,,,,,,,,,,,,,,,,,,,,,,,,,8/3/20 15:37,Alex Ralevski
New insights into wound healing,https://www.sciencedaily.com/releases/2020/07/200729124355.htm,,,,,,,,,,,,,,,,,,,,,,,,,,,,,,8/3/20 8:24,Alex Ralevski
Microbiologists clarify relationship between microbial diversity and soil carbon storage,https://www.sciencedaily.com/releases/2020/07/200728130828.htm,,,,,,,,,,,,,,,,,,,,,,,,,,,,,,7/29/20 13:58,Alex Ralevski
Eavesdropping on trout building their nests,sciencedaily.com/releases/2020/07/200728113627.htm,,,,,,,,,,,,,,,,,,,,,,,,,,,,,,7/29/20 13:58,Alex Ralevski
Biologists zero in on cells' environmental sensing mechanism,https://www.sciencedaily.com/releases/2020/07/200728130826.htm,,,,,,,,,,,,,,,,,,,,,,,,,,,,,,7/29/20 13:58,Alex Ralevski
"Metal-breathing bacteria could transform electronics, biosensors, and more",https://www.sciencedaily.com/releases/2020/07/200728130831.htm,,,,,,,,,,,,,,,,,,,,,,,,,,,,,,7/29/20 13:57,Alex Ralevski
Glass frog with translucent skin found in Costa Rica,https://www.youtube.com/watch?v=W5k_S8N0pFo,,,,,,,,,,,,,,,,,,,,,,,,,,,,,,7/29/20 10:00,Alex Ralevski
Scientists Use 3D Modeling To Find Out How This Snake Can Fly,https://www.popularmechanics.com/science/animals/a33289391/flying-snake-physics/,,,,,,,,,,,,,,,,,,,,,,,,,,,,,,7/27/20 13:35,Alex Ralevski
Different from a computer: Why the brain never processes the same input in the same way,https://www.sciencedaily.com/releases/2020/07/200724104219.htm,,,,,,,,,,,,,,,,,,,,,,,,,,,,,,7/27/20 9:42,Alex Ralevski
Desert mosses use quartz rocks as sun shades,https://www.sciencedaily.com/releases/2020/07/200724104209.htm,,,,,,,,,,,,,,,,,,,,,,,,,,,,,,7/27/20 9:42,Alex Ralevski
Scientists discover how immune cells mobilize to fight infection,https://www.sciencedaily.com/releases/2020/07/200722112741.htm,,,,,,,,,,,,,,,,,,,,,,,,,,,,,,7/24/20 11:18,Alex Ralevski
Young dolphins pick their friends wisely,https://www.sciencedaily.com/releases/2020/07/200723172000.htm,,,,,,,,,,,,,,,,,,,,,,,,,,,,,,7/24/20 11:15,Alex Ralevski
"In Social Insects, Researchers Find Hints for Controlling Disease ",https://undark.org/2020/07/22/social-insects-control-disease/,Mary Hoff,,,,,,,,,,,,,,,,,,,,,,,,,,,,,7/22/20 13:32,Andrew Howley
Spider monkey groups as collective computers,https://www.sciencedaily.com/releases/2020/07/200721160725.htm,,,,,,,,,,,,,,,,,,,,,,,,,,,,,,7/22/20 9:30,Alex Ralevski
A new species of darkling beetle larvae that degrade plastic,https://www.sciencedaily.com/releases/2020/07/200720102054.htm,,,,,,,,,,,,,,,,,,,,,,,,,,,,,,7/21/20 16:32,Alex Ralevski
The Andean Condor Can Soar 100 Miles Without Flapping,https://www.smithsonianmag.com/smart-news/andean-condor-can-soar-100-miles-without-flapping-180975342/,,,,,,,,,,,,,,,,,,,,,,,,,,,,,,7/21/20 14:49,Alex Ralevski
New research reveals antifungal symbiotic peptide in legume,https://www.sciencedaily.com/releases/2020/07/200720103320.htm,,,,,,,,,,,,,,,,,,,,,,,,,,,,,,7/21/20 14:49,Alex Ralevski
River plants counter both flooding and drought to protect biodiversity,https://www.sciencedaily.com/releases/2020/07/200717101013.htm,,,,,,,,,,,,,,,,,,,,,,,,,,,,,,7/20/20 18:32,Alex Ralevski
Turmeric could have antiviral properties,https://www.sciencedaily.com/releases/2020/07/200717120154.htm,,,,,,,,,,,,,,,,,,,,,,,,,,,,,,7/20/20 18:32,Alex Ralevski
Pine beetles successful no matter how far they roam -- with devastating effects,https://www.sciencedaily.com/releases/2020/07/200716220924.htm,,,,,,,,,,,,,,,,,,,,,,,,,,,,,,7/20/20 18:31,Alex Ralevski
Beautyberry leaf extract restores drug's power to fight 'superbug',https://www.sciencedaily.com/releases/2020/07/200716120658.htm,,,,,,,,,,,,,,,,,,,,,,,,,,,,,,7/18/20 19:27,Alex Ralevski
Enhanced water repellent surfaces discovered in nature (Note: we already have strategy pages on mosquito eyes and springtails),https://www.sciencedaily.com/releases/2020/07/200717140740.htm,,,,,,,,,,,,,,,,,,,,,,,,,,,,,,7/17/20 13:17,
Ultra-black skin allows some fish to lurk unseen,https://www.sciencedaily.com/releases/2020/07/200716111636.htm,,,,,,,,,,,,,,,,,,,,,,,,,,,,,,7/17/20 11:10,Alex Ralevski
Bacteria that eats metal accidentally discovered by scientists,https://www.cnn.com/2020/07/16/world/metal-eating-bacteria-intl-scli-scn/index.html,,,,,,,,,,,,,,,,,,,,,,,,,,,,,,7/16/20 13:36,Alex Ralevski
How flies flip around on take-off from an upside- down position,https://www.sciencedaily.com/releases/2020/07/200715123141.htm,,,,,,,,,,,,,,,,,,,,,,,,,,,,,,7/16/20 11:16,Alex Ralevski
Exploring how a scorpion toxin might help treat heart attacks,https://www.sciencedaily.com/releases/2020/07/200715123145.htm,,,,,,,,,,,,,,,,,,,,,,,,,,,,,,7/16/20 11:15,Alex Ralevski
high-flying study reveals secrets of soaring birds,https://www.sciencedaily.com/releases/2020/07/200714111730.htm,,,,,,,,,,,,,,,,,,,,,,,,,,,,,,7/15/20 21:28,Alex Ralevski
Mantis shrimp helicoid structure in club,How to Prevent Structural Failure,Megan Schuknecht ,,2018,,,,,,Create new strategy page,Suksangpayna_2018_Crack twisting and toughening strategies in Bouligand architectures.pdf (https://dl.airtable.com/.attachments/93216fd9d6dd4f68e3fc8887d4b1b896/06a03c06/Suksangpayna_2018_CracktwistingandtougheningstrategiesinBouligandarchitectures.pdf),International Journal of Solids and Structures,https://www.sciencedirect.com/science/article/pii/S0020768318302282,https://news.ucr.edu/articles/2018/06/25/why-mantis-shrimp-dont-crack-under-pressure,,,,,,,,,,,,,,,,,7/14/20 16:18,Alex Ralevski
Twistless Spring,How to Prevent Structural Failure,Megan Schuknecht ,,2012,,,,,,Create new strategy page,Gerbode_2012_How the Cucumber Tendril Coils and Overwinds.pdf (https://dl.airtable.com/.attachments/1ee8b98d8093c2329dcccb901650e413/956ba72b/Gerbode_2012_HowtheCucumberTendrilCoilsandOverwinds.pdf),Science,https://science.sciencemag.org/content/337/6098/1087.abstract,https://wyss.harvard.edu/news/uncoiling-the-cucumbers-enigma/,,,,,,,,,,,,,,,,,7/14/20 16:18,Alex Ralevski
Green is more than skin-deep for hundreds of frog species,https://www.sciencedaily.com/releases/2020/07/200713165602.htm,,,,,,,,,,,,,,,,,,,,,,,,,,,,,,7/14/20 14:49,Alex Ralevski
Evolution of structural color in insects,https://www.sciencedaily.com/releases/2020/04/200414225712.htm,,,,,,,How Does Nature Create Colour?,,,,,,,,,,,,,,,,,,,,,,,7/13/20 15:09,Alex Ralevski
Structural color in butterflies,https://www.sciencedaily.com/releases/2020/04/200408151231.htm,,,,,,,How Does Nature Create Colour?,https://elifesciences.org/articles/52187,,,,,,,,,,,,,,,,,,,,,,7/13/20 15:07,Alex Ralevski
how bees perceive colour,https://www.sciencealert.com/how-bee-brains-could-help-your-camera-take-better-photos,,,,,,,How Does Nature Create Colour?,https://www.pnas.org/content/early/2017/06/26/1703454114.full,,,,,,,,,,,,,,,,,,,,,,7/13/20 15:07,Alex Ralevski
How poppy flowers get those vibrant colors that entice insects,https://www.sciencedaily.com/releases/2019/02/190208115304.htm,,,,,,,How Does Nature Create Colour?,https://link.springer.com/article/10.1007%2Fs00359-018-01313-1,,,,,,,,,,,,,,,,,,,,,,7/13/20 15:07,Alex Ralevski
How squids change colour,https://www.sciencedaily.com/releases/2019/03/190306152406.htm,,,,,,,How Does Nature Create Colour?,https://www.nature.com/articles/s41467-019-08891-x,,,,,,,,,,,,,,,,,,,,,,7/13/20 15:07,Alex Ralevski
super black in colourful peacock spiders,,,,,,,,How Does Nature Create Colour?,https://royalsocietypublishing.org/doi/10.1098/rspb.2019.0589,,,,,,,,,,,,,,,,,,,,,,7/13/20 15:07,Alex Ralevski
New colour-generation mechanism discovered in 'rainbow' weevil,https://phys.org/news/2018-09-colour-generation-mechanism-rainbow-weevil.html,,,,,,,How Does Nature Create Colour?,https://onlinelibrary.wiley.com/doi/abs/10.1002/smll.201802328,,,,,,,,,,,,,,,,,,,,,,7/13/20 15:07,Alex Ralevski
How butterfly wings can shift in hue,https://www.sciencedaily.com/releases/2020/04/200407150821.htm,,,,,,,How Does Nature Create Colour?,https://elifesciences.org/articles/52187,,,,,,,,,,,,,,,,,,,,,,7/13/20 15:07,Alex Ralevski
Ultra black material,https://www.sciencedaily.com/releases/2020/03/200310124715.htm,,,,,,,How Does Nature Create Colour?,https://www.nature.com/articles/s41467-020-15033-1,,,,,,,,,,,,,,,,,,,,,,7/13/20 15:07,Alex Ralevski
Dragonfly wings with shock absorbers,https://www.uni-kiel.de/pressemeldungen/index.php?pmid=2017-257-libellen&lang=en&pr=1,,,,,,,,https://www.sciencedirect.com/science/article/abs/pii/S1742706117304695?via%3Dihub,,,,,,,,,,,,,,,,,,,,,,7/13/20 15:05,Alex Ralevski
What’s Behind a Tarantula’s Blue Hue,https://scripps.ucsd.edu/news/new-study-reveals-whats-behind-tarantulas-blue-hue,,,,,,,,https://advances.sciencemag.org/content/1/10/e1500709,,,,,,,,,,,,,,,,,,,,,,7/13/20 15:04,Alex Ralevski
horizontal rods of the bone are crucial to their ability to last a lifetime,https://3dprintingindustry.com/news/3d-printed-biomimicry-of-bone-yields-important-discovery-for-lightweight-and-durable-engineering-166245/,,,,,,,,https://www.pnas.org/content/116/49/24457.short?rss=1,,,,,,,,,,,,,,,,,,,,,,7/13/20 15:03,Alex Ralevski
"Like humans, beluga whales form social networks beyond family ties",https://www.sciencedaily.com/releases/2020/07/200710212233.htm,,,,,,,,,,,,,,,,,,,,,,,,,,,,,,7/13/20 9:17,Alex Ralevski
How Venus flytraps snap- update current strategy on AN,https://www.sciencedaily.com/releases/2020/07/200710140823.htm,,,,,,,,,,,,,,,,,,,,,,,,,,,,,,7/13/20 9:15,Alex Ralevski
Discovery reveals how plants make cellulose for strength and growth,https://www.sciencedaily.com/releases/2020/07/200709141632.htm,,,,,,,,,,,,,,,,,,,,,,,,,,,,,,7/10/20 9:16,Alex Ralevski
Investigation of hindwing folding in ladybird beetles ,https://www.pnas.org/content/114/22/5624.full,,,,,,,,,,,,,,,,,,,,,,,,,,,,,,7/9/20 9:24,Alex Ralevski
Seal whiskers spark design of novel underwater sensors,https://www.cambridge.org/core/journals/journal-of-fluid-mechanics/article/wakeinduced-slaloming-response-explains-exquisite-sensitivity-of-seal-whiskerlike-sensors/9F792065FF8161772AC36BD48E057C46,,,,,,Lonny Lippsett,,,,,,,,,,,,,,,,,,,,,,,,7/8/20 11:31,Andrew Howley
What we didn't know about penis anatomy ,https://www.ted.com/talks/diane_kelly_what_we_didn_t_know_about_penis_anatomy/transcript?language=en#t-108084,,,,,,,,,,,,,,,,,,,,,,,,,,,,,,7/8/20 11:31,Andrew Howley
Biological factories: How do bacteria build up natural products?,https://www.sciencedaily.com/releases/2020/07/200706140848.htm,,,,,,,,,,,,,,,,,,,,,,,,,,,,,,7/7/20 12:33,Alex Ralevski
"Stingers Have Achieved Optimal Pointiness, Physicists Show",https://www.scientificamerican.com/article/stingers-have-achieved-optimal-pointiness-physicists-show/?utm_source=newsletter&utm_medium=email&utm_campaign=today-in-science&utm_content=link&utm_term=2020-07-06_top-stories&spMailingID=67292434&spUserID=NDQwNjQ3ODAwNzUyS0&spJobID=1920660411&spReportId=MTkyMDY2MDQxMQS2,,,,,,,,,,,,,,,,,,,,,,,,,,,,,,7/7/20 11:13,Alex Ralevski
Snakes have friends too,https://www.nationalgeographic.com/animals/2020/05/snakes-have-friends-adding-to-evidence-animal-sociability/,,,,,,,,,,,,,,,,,,,,,,,,,,,,,,7/7/20 11:13,Alex Ralevski
Algae as living biocatalysts for a green industry,https://www.sciencedaily.com/releases/2020/07/200702113700.htm,,,,,,,,,,,,,,,,,,,,,,,,,,,,,,7/6/20 9:04,Alex Ralevski
Marine algae from the Kiel Fjord discovered as a remedy against infections and skin cancer,https://www.sciencedaily.com/releases/2020/07/200702113731.htm,,,,,,,,,,,,,,,,,,,,,,,,,,,,,,7/6/20 9:04,Alex Ralevski
Scientists reveal why tummy bugs are so good at swimming through your gut,https://www.sciencedaily.com/releases/2020/07/200702144715.htm,,,,,,,,,,,,,,,,,,,,,,,,,,,,,,7/5/20 20:58,Alex Ralevski
Wild bees depend on the landscape structure,https://www.sciencedaily.com/releases/2020/06/200630125142.htm,,,,,,,,,,,,,,,,,,,,,,,,,,,,,,7/2/20 14:37,Alex Ralevski
Scientists shed new light on how seabirds cruise through air and water,https://www.sciencedaily.com/releases/2020/06/200630193211.htm,,,,,,,,,,,,,,,,,,,,,,,,,,,,,,6/30/20 16:48,Alex Ralevski
New 3-D model shows how the paradise tree snake uses aerial undulation to fly,https://phys.org/news/2020-06-d-paradise-tree-snake-aerial.html,,,,,,,,,,,,,,,,,,,,,,,,,,,,,,6/30/20 16:47,Alex Ralevski
BEETLES THAT SURVIVE VOLCANIC HEAT INSPIRE STUFF THAT STAYS COOL,https://www.futurity.org/longicorn-beetle-cooling-material-2392622/,,,,,,,,,,,,,,,,,,,,,,,,,,,,,,6/30/20 9:53,Alex Ralevski
Cure for melanoma may a compound derived from a marine invertebrate that lives at the bottom of the ocean,https://www.sciencedaily.com/releases/2020/06/200625162248.htm,,,,,,,,,,,,,,,,,,,,,,,,,,,,,,6/29/20 15:25,Alex Ralevski
These muscle cells are guideposts to help regenerative flatworms grow back their eyes,https://www.sciencedaily.com/releases/2020/06/200625144848.htm,,,,,,,,,,,,,,,,,,,,,,,,,,,,,,6/29/20 15:25,Alex Ralevski
Beetles that survive volcanic heat inspire stuff that stays cool ,https://www.futurity.org/longicorn-beetle-cooling-material-2392622/,,,,,,,,,,,,,,,,,,,,,,,,,,,,,,6/26/20 10:39,Andrew Howley
Venus flytrap snapping mechanisms virtually captured,https://www.sciencedaily.com/releases/2020/06/200623111333.htm,,,,,,,,,,,,,,,,,,,,,,,,,,,,,,6/25/20 17:33,Alex Ralevski
What keeps spiders on the ceiling,https://www.sgorb.zoologie.uni-kiel.de/?page_id=337,,,,,,,,https://royalsocietypublishing.org/doi/10.1098/rsif.2018.0692,,,,,,,,,,,,,,,,,,,,,,6/23/20 15:51,Alex Ralevski
Bread mold avoids infection by mutating its own DNA,https://www.sciencedaily.com/releases/2020/06/200622133041.htm,,,,,,,,,,,,,,,,,,,,,,,,,,,,,,6/23/20 11:16,Alex Ralevski
A new social role for echolocation in bats that hunt together,https://www.sciencedaily.com/releases/2020/06/200619143439.htm,,,,,,,,,,,,,,,,,,,,,,,,,,,,,,6/22/20 15:33,Alex Ralevski
Fungal pathogen disables plant defense mechanism,https://www.sciencedaily.com/releases/2020/06/200619104310.htm,,,,,,,,,,,,,,,,,,,,,,,,,,,,,,6/21/20 14:17,Alex Ralevski
Ancient enzymes can contribute to greener chemistry,https://www.sciencedaily.com/releases/2020/06/200610094040.htm,,,,,,,,,,,,,,,,,,,,,,,,,,,,,,6/19/20 15:56,Alex Ralevski
 first plant species in the world found to have adapted traits that enables a mutually beneficial relationship with ants,sciencedaily.com/releases/2020/06/200610093549.htm,,,,,,,,,,,,,,,,,,,,,,,,,,,,,,6/19/20 15:56,Alex Ralevski
A rare heart bone is discovered in chimpanzees,https://www.sciencedaily.com/releases/2020/06/200610094045.htm,,,,,,,,,,,,,,,,,,,,,,,,,,,,,,6/19/20 15:54,Alex Ralevski
Beavers are diverse forest landscapers,https://www.sciencedaily.com/releases/2020/06/200610112055.htm,,,,,,,,,,,,,,,,,,,,,,,,,,,,,,6/19/20 15:53,Alex Ralevski
Newly synthesized fungal compound can switch on a self-destruct button for cancer,https://www.sciencedaily.com/releases/2020/06/200610135103.htm,,,,,,,,,,,,,,,,,,,,,,,,,,,,,,6/19/20 15:46,Alex Ralevski
Compound in the gills of clams may fight common infections,https://www.sciencedaily.com/releases/2020/06/200611094211.htm,,,,,,,,,,,,,,,,,,,,,,,,,,,,,,6/19/20 15:44,Alex Ralevski
Ancient origin for key hormone system: Sea cucumbers,https://www.sciencedaily.com/releases/2020/06/200611104804.htm,,,,,,,,,,,,,,,,,,,,,,,,,,,,,,6/19/20 15:43,Alex Ralevski
An ion channel senses cell swelling and helps cells to choose a response,https://www.sciencedaily.com/releases/2020/06/200611152415.htm,,,,,,,,,,,,,,,,,,,,,,,,,,,,,,6/19/20 15:34,Alex Ralevski
Hummingbirds see diverse colors humans can only imagine,https://www.sciencedaily.com/releases/2020/06/200615155114.htm,,,,,,,,,,,,,,,,,,,,,,,,,,,,,,6/19/20 15:24,Alex Ralevski
Elasticity key to plants and animals' ability to sting,https://www.sciencedaily.com/releases/2020/06/200615115803.htm,,,,,,,,,,,,,,,,,,,,,,,,,,,,,,6/19/20 15:24,Alex Ralevski
How the giant sequoia tree protects itself,https://www.sciencedaily.com/releases/2020/06/200617102437.htm,,,,,,,,,,,,,,,,,,,,,,,,,,,,,,6/19/20 13:51,Alex Ralevski
Fish armor both tough and flexible,https://www.sciencedaily.com/releases/2020/06/200618102416.htm,,,,,,,,,,,,,,,,,,,,,,,,,,,,,,6/19/20 11:53,Alex Ralevski
Soft and ion-conducting hydrogel artificial tongue for astringency perception,<https://phys.org/news/2020-06-soft-ion-conducting-hydrogel-artificial-tongue.html>,lex.amore,,,,,,,https://phys.org/news/2020-06-soft-ion-conducting-hydrogel-artificial-tongue.html,,,,,,,,,,,,,,,,,,,,,,6/18/20 11:00,Alex Ralevski
Chemistry behind bombardier beetle's extraordinary firepower,https://www.sciencedaily.com/releases/2020/06/200616173227.htm,,,,,,,,,,,,,,,,,,,,,,,,,,,,,,6/17/20 20:30,Alex Ralevski
Virus co-opts immune protein to avoid antiviral defences,https://www.sciencedaily.com/releases/2020/06/200616135808.htm,,,,,,,,,,,,,,,,,,,,,,,,,,,,,,6/17/20 9:10,Alex Ralevski
Parasitic fungi keep harmful blue-green algae in check,https://www.sciencedaily.com/releases/2020/06/200609111050.htm,,,,,,,,https://aslopubs.onlinelibrary.wiley.com/doi/full/10.1002/lno.11474,,,,,,,,,,,,,,,,,,,,,,6/10/20 16:28,Alex Ralevski
Bending without breaking - How insects feel around their environment,https://www.sgorb.zoologie.uni-kiel.de/?page_id=337,Kiel University,Stick bug,,,,,,,2018,Sensor,,Goal 9: Industry Innovation & Infrastructure,"Antennae,Flagellum,Touch sensor",Organ,Form,"Using computer modeling, researchers were able to influence specific features of the virtual antennae such as shape and material composition, which allowed them to investigate the effect of these factors on antenna flexibility. The results of the numerical simulations show that the tapered shape of the flagellum had the strongest influence on its static biomechanical behaviour. The inner endocuticle layer of the flagellum was confirmed to be essential for explaining the strongly damped return behaviour of the antenna. By highlighting the significance of two out of the four main structural features of the insect flagellum, the study provides a basis for mechanical design of biomimetic touch sensors tuned to become maximally flexible while quickly resuming a straight shape after contact.","Stick insects use specialized antennae to explore their
surroundings, thus the antennae have to stiff enough to allow for
active, controlled movement, while at the same time compliant enough to prevent damage when coming into contact with objects. The insect antennae consisted of a soft core surrounded by a stiff sheath. While the stiff sheath largely determines the rigidity of the antenna, the soft core helps to avoid vibrations. In addition, the many indentations along the antenna and the conical shape of the individual segments ensure sufficient mobility of the structure.","Am Botanischen Garten 9, 24118 Kiel, Germany",Hamed Rajabi,"hrajabi@zoologie.uni-kiel.de
",,"rsif20180246f01.gif (https://dl.airtable.com/.attachments/562060a2a9b351ae46ab27c266cd0739/c759afd1/rsif20180246f01.gif),rsif20180246f02.gif (https://dl.airtable.com/.attachments/87e0e9452e19e7ff52e6042f8492387d/33e66987/rsif20180246f02.gif)",,,Yes,,,,,6/9/20 17:11,Alex Ralevski
Respiratory virus builds 'doorbell' to trick its way into cells,https://www.sciencedaily.com/releases/2020/06/200603132514.htm,,,,,,,,https://www.nature.com/articles/s41586-020-2369-7,,,,,,,,,,,,,,,,,,,,,,6/8/20 16:36,Alex Ralevski
Respiratory virus builds 'doorbell' to trick its way into cells,https://www.folio.ca/respiratory-virus-builds-doorbell-to-trick-its-way-into-cells-researchers-find/,,,,,,,,https://www.nature.com/articles/s41586-020-2369-7,,,,,,,,,,,,,,,,,,,,,,6/8/20 16:36,Alex Ralevski
A potential new weapon in the war against superbugs- teixobactin,"
https://about.unimelb.edu.au/newsroom/news/2020/june/a-potential-new-weapon-in-the-war-against-superbugs",,,,,,,,https://msystems.asm.org/content/5/3/e00077-20,,,,,,,,,,,,,,,,,,,,,,6/8/20 12:26,Alex Ralevski
A potential new weapon in the war against superbugs- teixobactin,"
https://www.sciencedaily.com/releases/2020/06/200604111641.htm",,,,,,,,https://msystems.asm.org/content/5/3/e00077-20,,,,,,,,,,,,,,,,,,,,,,6/8/20 12:26,Alex Ralevski
New killing mechanism discovered in 'game-changing' antibiotic- teixobactin,https://www.sciencedaily.com/releases/2020/06/200605132429.htm,,,,,,,,https://www.nature.com/articles/s41467-020-16600-2,,,,,,,,,,,,,,,,,,,,,,6/8/20 11:24,Alex Ralevski
'Poisoned arrow' defeats antibiotic-resistant bacteria,https://www.sciencedaily.com/releases/2020/06/200603132541.htm,,,,,,,,https://www.cell.com/cell/pdf/S0092-8674(20)30567-5.pdf?_returnURL=https%3A%2F%2Flinkinghub.elsevier.com%2Fretrieve%2Fpii%2FS0092867420305675%3Fshowall%3Dtrue,,,,,,,,,,,,,,,,,,,,,,6/8/20 10:56,Alex Ralevski
Rivers help lock carbon from fires into oceans for thousands of years,https://www.sciencedaily.com/releases/2020/06/200603100514.htm,,,,,,,,https://www.nature.com/articles/s41467-020-16576-z,,,,,,,,,,,,,,,,,,,,,,6/8/20 10:44,Alex Ralevski
How a butterfly's wings can help it beat the heat,https://www.sciencefriday.com/segments/butterfly-wings-temperature/,,,,,,,,,,,,,,,,,,,,,,,,,,,,,,6/5/20 15:57,Alex Ralevski
Theoretical breakthrough shows quantum fluids rotate by corkscrew mechanism,https://www.sciencedaily.com/releases/2020/06/200601104606.htm,,,,,,,,,,,,,,,,,,,,,,,,,,,,,,6/3/20 14:32,Alex Ralevski
Disorder in fish shoals may reap rewards at dinner time,https://www.sciencedaily.com/releases/2020/06/200601072957.htm,,,,,,,,https://www.nature.com/articles/s41467-020-16578-x,,,,,,,,,,,,,,,,,,,,,,6/3/20 14:32,Alex Ralevski
Solution to century-old math problem could predict transmission of infectious diseases,https://www.sciencedaily.com/releases/2020/05/200529150617.htm,,,,,,,,,,,,,,,,,,,,,,,,,,,,,,6/1/20 17:04,Alex Ralevski
Scientists reveal new fundamental principles governing diving in animals,https://www.sciencedaily.com/releases/2020/05/200526203557.htm,,,,,,,,,,,,,,,,,,,,,,,,,,,,,,5/28/20 10:12,Alex Ralevski
Parasitic wasp discovery offers chemical-free pest control for growers,https://www.sciencedaily.com/releases/2020/05/200522113824.htm,,,,,,,,,,,,,,,,,,,,,,,,,,,,,,5/26/20 9:13,Alex Ralevski
The European viper uses cloak-and-dazzle to escape predators,https://www.sciencedaily.com/releases/2020/05/200521151917.htm,,,,,,,,,,,,,,,,,,,,,,,,,,,,,,5/22/20 11:08,Alex Ralevski
Bumblebees Bite Plants to Force Them to Flower,<https://www.scientificamerican.com/article/bumblebees-bite-plants-to-force-them-to-flower-seriously/>,megan,,,,,,,https://www.scientificamerican.com/article/bumblebees-bite-plants-to-force-them-to-flower-seriously/,,,,,,,,,,,,,,,,,,,,,,5/22/20 10:44,Alex Ralevski
wildflower’s spiny pollen adapts to help plants reproduce,https://news.missouri.edu/2020/bee-thankful-for-the-evolution-of-pollen/,,,,,,,,https://bsapubs.onlinelibrary.wiley.com/doi/abs/10.1002/ajb2.1428,,,,,,,,,,,,,,,,,,,,,,5/21/20 10:52,Alex Ralevski
Cavity-causing bacteria assemble an army of protective microbes on human teeth,https://www.sciencedaily.com/releases/2020/05/200518154937.htm,,,,,,,,,,,,,,,,,,,,,,,,,,,,,,5/14/20 12:56,Alex Ralevski
Spiders can fly hundreds of miles using electricity,https://www.theatlantic.com/science/archive/2018/07/the-electric-flight-of-spiders/564437/,rebecca,,,,,,,https://www.theatlantic.com/science/archive/2018/07/the-electric-flight-of-spiders/564437/,,,,,,,,,,,,,,,,,,,,,,5/14/20 9:19,
Early experiences determine how birds build their first nest,https://www.sciencedaily.com/releases/2020/05/200512134526.htm,,,,,,,,,,,,,,,,,,,,,,,,,,,,,,5/13/20 9:06,
Ants use collective 'brainpower' to navigate obstacles,https://www.sciencedaily.com/releases/2020/05/200512152000.htm,,,,,,,,,,,,,,,,,,,,,,,,,,,,,,5/13/20 9:05,
"Even animals benefit from social distance to prevent disease,",https://www.sciencedaily.com/releases/2020/05/200511092933.htm,,,,,,,,,,,,,,,,,,,,,,,,,,,,,,5/12/20 19:26,
Worm Viscosity,<https://physics.aps.org/articles/v13/76?utm_source=Nature+Briefing&amp;utm_campaign=4d3d1489a2-briefing-dy-20200511&amp;utm_medium=email&amp;utm_term=0_c9dfd39373-4d3d1489a2-44490913>,lex.amore,,,,,,,https://physics.aps.org/articles/v13/76?utm_source=Nature+Briefing&amp;utm_campaign=4d3d1489a2-briefing-dy-20200511&amp;utm_medium=email&amp;utm_term=0_c9dfd39373-4d3d1489a2-44490913,,,,,,,,,,,,,,,,,,,,,,5/11/20 11:18,
Researchers develop an artificial chloroplast,https://www.sciencedaily.com/releases/2020/05/200511124449.htm,,,,,,,,,,,,,,,,,,,,,,,,,,,,,,5/5/20 17:26,
Drones become even more insect-like,https://science.sciencemag.org/content/368/6491/586?utm_campaign=SciMag,,,,,,,,,,,,,,,,,,,,,,,,,,,,,,5/5/20 17:25,
The 26-foot-long “unicorn of the sea” is a lesson in the wonders of collaboration,<https://qz.com/1465774/pyrosomes-the-unicorn-of-the-sea-wouldnt-exist-without-collaboration/>,michelle.graves,,,,,,,https://qz.com/1465774/pyrosomes-the-unicorn-of-the-sea-wouldnt-exist-without-collaboration/,,,,,,,,,,,,,,,,,,,,,,5/5/20 16:02,
How a molecular 'alarm' system in plants protects them from predators,https://www.sciencedaily.com/releases/2020/05/200508083547.htm,,,,,,,,,,,,,,,,,,,,,,,,,,,,,,5/5/20 15:30,
Our pupils move to the rhythm of the environment,https://www.sciencedaily.com/releases/2020/05/200508112917.htm,,,,,,,,,,,,,,,,,,,,,,,,,,,,,,5/5/20 14:04,
Scientists shed light on essential carbon-fixing machinery in bacteria,https://www.sciencedaily.com/releases/2020/05/200506162205.htm,,,,,,,,,,,,,,,,,,,,,,,,,,,,,,5/5/20 14:02,
male treefrogs reduce their attractiveness to predators and parasites by overlapping their mating calls with their neighbors.,https://www.sciencedaily.com/releases/2020/05/200506162156.htm,,,,,,,,,,,,,,,,,,,,,,,,,,,,,,5/5/20 13:23,
Naked mole-rats need carbon dioxide to avoid seizures and here's why,https://www.sciencedaily.com/releases/2020/04/200430113032.htm,,,,,,,,,,,,,,,,,,,,,,,,,,,,,,4/30/20 11:00,
Traps of carnivorous pitcher plants,,,,,,,,,https://academic.oup.com/aob/article/107/2/181/188441,,,,,,,,,,,,,,,,,,,,,,4/30/20 11:00,
Shrinking instead of growing: How shrews survive the winter,https://www.sciencedaily.com/releases/2020/04/200429105913.htm,,,,,,,,,,,,,,,,,,,,,,,,,,,,,,4/30/20 10:59,
They remember: Communities of microbes found to have working memory,<https://www.sciencedaily.com/releases/2020/04/200428093506.htm>,alexandra.ralevski,,,,,,,https://www.sciencedaily.com/releases/2020/04/200428093506.htm,,,,,,,,,,,,,,,,,,,,,,4/30/20 10:56,
energy-saving method used by birds during the polar night,https://www.sciencedaily.com/releases/2020/04/200428112459.htm,,,,,,,,,,,,,,,,,,,,,,,,,,,,,,4/29/20 19:36,
Communities of microbes found to have working memory,https://www.sciencedaily.com/releases/2020/04/200428093506.htm,,,,,,,,,,,,,,,,,,,,,,,,,,,,,,4/29/20 19:36,
Genomic secrets of scaly-foot snail,https://www.sciencedaily.com/releases/2020/04/200428112522.htm,,,,,,,,,,,,,,,,,,,,,,,,,,,,,,4/29/20 19:35,
Synthetic antibodies built with bacterial superglue could help fight emerging viruses,https://www.sciencedaily.com/releases/2020/04/200428112546.htm,,,,,,,,,,,,,,,,,,,,,,,,,,,,,,4/29/20 19:34,
hero shrews' bizarre backbone,https://www.sciencedaily.com/releases/2020/04/200428225421.htm,,,,,,,,,,,,,,,,,,,,,,,,,,,,,,4/29/20 19:31,
Ant farming,https://www.sciencenews.org/article/insects-ants-extreme-farming-methods-offer-good-bad-lessons?utm_source=email&utm_medium=email&utm_campaign=latest-newsletter-v2&utm_source=Latest_Headlines&utm_medium=email&utm_campaign=Latest_Headlines,,,,,,,,,,,,,,,,,,,,,,,,,,,,,,4/23/20 12:03,
Gypsy moth larvae love poplar leaves infected by fungi,https://www.sciencedaily.com/releases/2020/04/200420105037.htm,,,,,,,,,,,,,,,,,,,,,,,,,,,,,,4/21/20 16:38,
mRNA lifetime correlated with time spent on ribosome- now researchers know why,https://www.sciencedaily.com/releases/2020/04/200417114442.htm,,,,,,,,,,,,,,,,,,,,,,,,,,,,,,4/20/20 9:57,
New bioinspired material can 'shapeshift' to external forces- Inspired by how human bone and colorful coral reefs adjust mineral deposits in response to their surrounding environments,https://www.sciencedaily.com/releases/2020/04/200417114438.htm,,,,,,,,,,,,,,,,,,,,,,,,,,,,,,4/16/20 12:10,
Spider venom key to pain relief without side-effects,https://www.sciencedaily.com/releases/2020/04/200414105558.htm,,,,,,,,,,,,,,,,,,,,,,,,,,,,,,4/15/20 11:25,
Flamingos form firm friendships,https://www.sciencedaily.com/releases/2020/04/200414084307.htm,,,,,,,,https://www.sciencedirect.com/science/article/abs/pii/S0376635719303377?via%3Dihub,,,,,,,,,,,,,,,,,,,,,,4/15/20 11:25,
"Unique physical, chemical properties of cicada wings",https://www.sciencedaily.com/releases/2020/04/200414122747.htm,,,,,,,,https://onlinelibrary.wiley.com/doi/full/10.1002/admi.202000112,,,,,,,,,,,,,,,,,,,,,,4/15/20 11:21,
Owl silent flight,https://www.knowablemagazine.org/article/technology/2020/how-owls-fly-without-making-a-sound?utm_source=pocket-newtab,,,,,,,,,,,,,,,,,,,,,,,,,,,,,,4/9/20 10:58,
https://www.beilstein-journals.org/bjnano/series/22,,,,,,,,,,,,,,,,,,,,,,,,,,,,,,,4/7/20 15:30,
https://www.beilstein-journals.org/bjnano/series/3,,,,,,,,,,,,,,,,,,,,,,,,,,,,,,,4/7/20 15:29,
https://www.beilstein-journals.org/bjnano/series/43,,,,,,,,,,,,,,,,,,,,,,,,,,,,,,,4/7/20 15:29,
https://www.beilstein.tv/video_tag/biomimetics/,,,,,,,,,,,,,,,,,,,,,,,,,,,,,,,4/7/20 15:29,
Cooperation emerges when groups are small and memories are long,https://www.sciencedaily.com/releases/2016/06/160601151935.htm,,,,,,,,https://www.nature.com/articles/srep26889,,,,,,,,,,,,,,,,,,,,,,3/27/20 16:47,
Fluid dynamics may play key role in evolution of cooperation,https://www.sciencedaily.com/releases/2018/05/180522152123.htm,,,,,,,,https://elifesciences.org/articles/34862,,,,,,,,,,,,,,,,,,,,,,3/27/20 16:46,
Diversity Promotes Cooperation Among Microbes,https://www.sciencedaily.com/releases/2006/10/061024010417.htm,,,,,,,,https://www.sciencedirect.com/science/article/pii/S096098220602135X,,,,,,,,,,,,,,,,,,,,,,3/27/20 16:43,
Bacteria contradict Darwin: Survival of the friendliest,https://www.sciencedaily.com/releases/2019/10/191011095910.htm,,,,,,,,https://www.nature.com/articles/s41396-019-0494-9,,,,,,,,,,,,,,,,,,,,,,3/27/20 16:42,
Male bottlenose dolphins form bachelor groups with their relatives to attract females,https://www.sciencedaily.com/releases/2019/03/190306100639.htm,,,,,,,,https://link.springer.com/article/10.1007%2Fs00265-018-2621-4,,,,,,,,,,,,,,,,,,,,,,3/27/20 14:27,
Male bottlenose dolphins form bachelor groups with their relatives to attract females,https://www.sciencealert.com/male-dolphins-use-their-individual-names-to-build-complex-social-networks,,,,,,,,https://link.springer.com/article/10.1007%2Fs00265-018-2621-4,,,,,,,,,,,,,,,,,,,,,,3/27/20 14:27,
 attachment pads of stick insects,https://www.sgorb.zoologie.uni-kiel.de/?page_id=337,,,,,,,,https://royalsocietypublishing.org/doi/10.1098/rsif.2018.0281,,,,,,,,,,,,,,,,,,,,,,3/27/20 14:20,
morphological and biomechanical adaptations of stick insect antennae for tactile exploration,https://www.sgorb.zoologie.uni-kiel.de/?page_id=337,,,,,,,,https://royalsocietypublishing.org/doi/10.1098/rsif.2018.0246,,,,,,,,,,,,,,,,,,,,,,3/27/20 14:18,
Attachment-based mechanisms underlying capture and release of pollen grains,https://www.sgorb.zoologie.uni-kiel.de/?page_id=337,,,,,,,,https://royalsocietypublishing.org/doi/10.1098/rsif.2019.0269,,,,,,,,,,,,,,,,,,,,,,3/27/20 14:16,
Average nanorough skin surface of the pilot whale: considerations on the self-cleaning abilities based on nanoroughness,,,,,,,,,https://link.springer.com/article/10.1007/s00227-001-0710-8,,,,,,,,,,,,,,,,,,,,,,3/23/20 14:49,
Defensin,https://en.wikipedia.org/wiki/Defensin,,,,,,,,,,,,,,,,,,,,,,,,,,,,,,3/23/20 12:37,
http://emps.exeter.ac.uk/physics-astronomy/staff/pvukusic/publications,,,,,,,,,,,,,,,,,,,,,,,,,,,,,,,3/20/20 11:53,
"Researchers unlock secrets to swimming efficiency of whales, dolphins ",https://engineering.lehigh.edu/news/article/keith-w-moored-fin-tastic-model,,,,,,,,https://royalsocietypublishing.org/doi/10.1098/rsif.2019.0655,,,,,,,,,,,,,,,,,,,,,,3/20/20 9:40,
mathematical rules underpinning brain growth,https://www.sciencedaily.com/releases/2020/03/200312101048.htm,,,,,,,,,,,,,,,,,,,,,,,,,,,,,,3/16/20 18:28,
Melting properties determine biological functions of cuticular hydrocarbon layer of ants,https://www.sciencedaily.com/releases/2020/02/200226131323.htm,,,,,,,,,,,,,,,,,,,,,,,,,,,,,,2/27/20 17:28,
Deaf moths evolved noise-cancelling scales to evade predators,https://www.sciencedaily.com/releases/2020/02/200225221342.htm,,,,,,,,https://royalsocietypublishing.org/doi/10.1098/rsif.2019.0692,,,,,,,,,,,,,,,,,,,,,,2/27/20 17:27,
Exceptional catapulting jump mechanism in a tiny beetle ,https://www.sciencedaily.com/releases/2020/02/200225104951.htm,,,,,,,,https://zookeys.pensoft.net/article/38348/,,,,,,,,,,,,,,,,,,,,,,2/26/20 14:26,
High aerodynamic lift from the tail reduces drag in gliding raptors,,,,,,,,,https://jeb.biologists.org/content/223/3/jeb214809,,,,,,,,,,,,,,,,,,,,,,2/14/20 8:58,
Plant shoot architecture on cooling,,,,,,,,,https://royalsocietypublishing.org/doi/full/10.1098/rsif.2013.0326,,,,,,,,,,,,,,,,,,,,,,2/10/20 9:17,
How reindeer cool,,,,,,,,,https://jeb.biologists.org/content/214/22/i.1,,,,,,,,,,,,,,,,,,,,,,2/10/20 9:16,
High speed strike of the cone snail,https://www.sciencedaily.com/releases/2019/08/190830092111.htm,,,,,,,,https://www.cell.com/current-biology/fulltext/S0960-9822(19)30879-6?_returnURL=https%3A%2F%2Flinkinghub.elsevier.com%2Fretrieve%2Fpii%2FS0960982219308796%3Fshowall%3Dtrue,,,,,,,,,,,,,,,,,,,,,,2/7/20 18:18,
Amphipod invisibility cloaks,https://www.smithsonianmag.com/smithsonian-institution/tiny-sea-creatures-invisibility-cloak-possibly-spheres-180960926/,,,,,,,,,,,,,,,,,,,,,,,,,,,,,,2/7/20 18:17,
Tree-climbing fish are sticky,,,,,,,,,https://www.sciencedirect.com/science/article/abs/pii/S0944200616300575,,,,,,,,,,,,,,,,,,,,,,2/7/20 18:16,
Dynamic filter in sandfish skink,,,,,,,,,https://jeb.biologists.org/content/219/22/3597,,,,,,,,,,,,,,,,,,,,,,2/7/20 18:11,
Dogfish shark spine stiffness changes for more efficient swimming,https://www.nature.com/articles/nature21102,,,,,,,,,,,,,,,,,,,,,,,,,,,,,,2/7/20 18:10,
Hagfish skin and knot-tying behavior,https://www.sciencemag.org/news/2017/01/how-slimy-hagfish-ties-itself-knots-and-survives-shark-attacks,,,,,,,,,,,,,,,,,,,,,,,,,,,,,,2/7/20 18:09,
Great hammerhead sharks swim on their side to reduce transport costs,,,,,,,,,https://www.nature.com/articles/ncomms12289?WT.ec_id=NCOMMS-20160727&spMailingID=51921378&spUserID=ODkwMTM2NjQyNgS2&spJobID=963893045&spReportId=OTYzODkzMDQ1S0,,,,,,,,,,,,,,,,,,,,,,2/7/20 18:08,
Mussel inspired super strong polymers,https://newatlas.com/mussel-byssal-cuticle-bonding/14392/,,,,,,,,,,,,,,,,,,,,,,,,,,,,,,2/7/20 18:05,
https://www.mpikg.mpg.de/en,,,,,,,,,,,,,,,,,,,,,,,,,,,,,,,2/7/20 18:04,
How the clingfish clings,https://newatlas.com/clingfish-adhesion/37386/,,,,,,,,,,,,,,,,,,,,,,,,,,,,,,2/7/20 18:03,
Disco clam uses reflective silica nanobeads to flash,https://www.nature.com/news/how-the-disco-clam-got-its-flash-1.15462,,,,,,,,,,,,,,,,,,,,,,,,,,,,,,2/7/20 17:57,
Self-assembly process in seashells,http://www.materials360online.com/newsDetails/60697,,,,,,,,,,,,,,,,,,,,,,,,,,,,,,2/7/20 17:57,
Ladybird’s transparent shell reveals how it folds its wings,https://www.newscientist.com/article/2131109-ladybirds-transparent-shell-reveals-how-it-folds-its-wings/,,,,,,,,https://www.pnas.org/content/114/22/5624,,,,,,,,,,,,,,,,,,,,,,2/7/20 17:52,
Sea Urchins Have Self-Sharpening Teeth,https://www.nationalgeographic.com/news/2010/12/101228-sea-urchin-teeth-self-sharpening-tools-science-animals/,,,,,,,,,,,,,,,,,,,,,,,,,,,,,,2/7/20 17:52,
curvature could give fish fins their strength,https://phys.org/news/2017-05-slice-pizza-curvature-fish-fins.html,,,,,,,,https://royalsocietypublishing.org/doi/10.1098/rsif.2017.0247,,,,,,,,,,,,,,,,,,,,,,2/7/20 17:51,
Cicada wings may inspire new surface technologies,https://news.illinois.edu/view/6367/537912,,,,,,,,https://pubs.acs.org/doi/abs/10.1021/acsami.7b07060,,,,,,,,,,,,,,,,,,,,,,2/7/20 17:48,
Fruit flies respond to rapid changes in the visual environment,https://www.sciencedaily.com/releases/2020/02/200205132257.htm,,,,,,,,,,,,,,,,,,,,,,,,,,,,,,2/7/20 17:47,
The image-forming mirror in the eye of the scallop,,,,,,,,,https://science.sciencemag.org/content/358/6367/1172,,,,,,,,,,,,,,,,,,,,,,2/7/20 17:46,
Forward flight of swallowtail butterfly with simple flapping motion,,,,,,,,,https://iopscience.iop.org/article/10.1088/1748-3182/5/2/026003/meta,,,,,,,,,,,,,,,,,,,,,,2/7/20 17:45,
Herringbone pattern in plant cell walls critical to cell growth,https://www.sciencedaily.com/releases/2020/02/200204112550.htm,,,,,,,,,,,,,,,,,,,,,,,,,,,,,,2/7/20 17:45,
How fish get their shape,https://www.sciencedaily.com/releases/2019/12/191223095347.htm,,,,,,,,,,,,,,,,,,,,,,,,,,,,,,2/7/20 17:43,
How bees stay cool on hot summer days,https://www.sciencedaily.com/releases/2019/02/190208124703.htm,,,,,,,,,,,,,,,,,,,,,,,,,,,,,,2/7/20 17:43,
Fly survives by encasing itself in a bubble,https://www.sciencemag.org/news/2017/11/fly-survives-deadly-lake-encasing-itself-bubble-here-s-how-it-makes-it,,,,,,,,,,,,,,,,,,,,,,,,,,,,,,2/7/20 17:41,
whales blowing bubbles to catch dinner,https://www.cnet.com/news/watch-this-magical-video-of-whales-blowing-bubbles-to-catch-dinner/,,,,,,,,,,,,,,,,,,,,,,,,,,,,,,2/7/20 17:40,
universal rules of leaf making,https://www.sciencedaily.com/releases/2019/10/191010142111.htm,,,,,,,,,,,,,,,,,,,,,,,,,,,,,,2/7/20 17:40,
Cracking how tardigrades survive the extremes,https://www.sciencedaily.com/releases/2019/10/191001102207.htm,,,,,,,,,,,,,,,,,,,,,,,,,,,,,,2/7/20 17:27,
The mathematics of prey detection in spider orb-webs,https://www.sciencedaily.com/releases/2019/12/191212104054.htm,,,,,,,,,,,,,,,,,,,,,,,,,,,,,,2/7/20 17:25,
Collagen fibers grow like a sunflower,https://www.sciencedaily.com/releases/2019/05/190513132119.htm,,,,,,,,,,,,,,,,,,,,,,,,,,,,,,2/7/20 17:23,
Paper wasps capable of behavior that resembles logical reasoning,https://www.sciencedaily.com/releases/2019/05/190508093708.htm,,,,,,,,,,,,,,,,,,,,,,,,,,,,,,2/7/20 17:22,
DNA is managed like climbers' rope to help keep tangles at bay,https://www.sciencedaily.com/releases/2019/04/190422100945.htm,,,,,,,,https://www.pnas.org/content/116/17/8149,,,,,,,,,,,,,,,,,,,,,,2/7/20 17:20,
Wax helps plants survive in the desert,https://www.sciencedaily.com/releases/2019/04/190429104736.htm,,,,,,,,https://academic.oup.com/jxb/article/70/5/1613/5304599,,,,,,,,,,,,,,,,,,,,,,2/7/20 17:18,
bacteria 'superglue',https://www.sciencedaily.com/releases/2019/04/190429104725.htm,,,,,,,,,,,,,,,,,,,,,,,,,,,,,,2/7/20 17:16,
Cell Structure Linked to Longevity of Slow-Growing Ponderosa Pines,https://news.umt.edu/2019/06/061719wood.php,,,,,,,,,,,,,,,,,,,,,,,,,,,,,,2/7/20 17:14,
Screw-shaped bird sperm swim faster -- but it comes at a cost,https://www.sciencedaily.com/releases/2019/04/190404143755.htm,,,,,,,,,,,,,,,,,,,,,,,,,,,,,,2/7/20 17:13,
Talin muscles improve muscle-tendon connection,,,,,,,,,https://www.sciencedaily.com/releases/2019/04/190404114524.htm,,,,,,,,,,,,,,,,,,,,,,2/7/20 17:08,
Bacteria conduct electricity through bioloigcal 'wires',https://www.sciencedaily.com/releases/2019/04/190404143747.htm,,,,,,,,https://www.cell.com/cell/fulltext/S0092-8674(19)30291-0?_returnURL=https%3A%2F%2Flinkinghub.elsevier.com%2Fretrieve%2Fpii%2FS0092867419302910%3Fshowall%3Dtrue,,,,,,,,,,,,,,,,,,,,,,2/7/20 17:08,
Resilin shields beetle from its own weapons,https://www.sciencedaily.com/releases/2019/02/190225170231.htm,,,,,,,,https://www.sciencedirect.com/science/article/pii/S146780391830183X?via%3Dihub,,,,,,,,,,,,,,,,,,,,,,2/7/20 17:05,
Antarctic flies protect fragile eggs with 'antifreeze',,,,,,,,,https://www.sciencedaily.com/releases/2019/02/190222204230.htm,,,,,,,,,,,,,,,,,,,,,,2/7/20 16:55,
Swifts eat and sleep in the air,,,,,,,,,https://www.sciencedaily.com/releases/2019/03/190306110651.htm,,,,,,,,,,,,,,,,,,,,,,2/7/20 16:53,
How viruses outsmart their host cells,,,,,,,,,https://www.sciencedaily.com/releases/2019/03/190306125335.htm,,,,,,,,,,,,,,,,,,,,,,2/7/20 16:51,
Antifreeze proteins can actually make ice grow at warmer temperatures,,,,,,,,,https://www.sciencedaily.com/releases/2019/03/190307131430.htm,,,,,,,,,,,,,,,,,,,,,,2/7/20 16:48,
Bacteria that eat and breathe electricity,,,,,,,,,https://www.sciencedaily.com/releases/2019/03/190305135259.htm,,,,,,,,,,,,,,,,,,,,,,2/7/20 16:48,
"random, noncoding sections of DNA can quickly evolve to produce new proteins",,,,,,,,,https://www.sciencedaily.com/releases/2019/03/190311133115.htm,,,,,,,,,,,,,,,,,,,,,,2/7/20 16:48,
Spider silk could be used as robotic muscle,,,,,,,,,https://www.sciencedaily.com/releases/2019/03/190301160907.htm,,,,,,,,,,,,,,,,,,,,,,2/7/20 16:45,
Seeing' tails help sea snakes avoid predators,,,,,,,,,https://www.sciencedaily.com/releases/2019/02/190215082348.htm,,,,,,,,,,,,,,,,,,,,,,2/7/20 16:18,
Flamingos and mechanics of one-legged pose,,,,,,,,,http://neuromechanicslab.emory.edu/documents/publications-docs/Chang%20and%20Ting%202017.pdf,,,,,,,,,,,,,,,,,,,,,,2/7/20 16:08,
Slender tibia on stick insects resist buckling,,,,,,,,,https://jeb.biologists.org/content/221/4/jeb173047?etoc,,,,,,,,,,,,,,,,,,,,,,2/7/20 16:07,
Aquatic versus terrestrial attachment: Water makes a difference,,,,,,,,,https://www.ncbi.nlm.nih.gov/pmc/articles/PMC4311720/,,,,,,,,,,,,,,,,,,,,,,2/7/20 12:12,
Anti-icing penguin,,,,,,,,,https://www.sciencedaily.com/releases/2015/11/151123103844.htm,,,,,,,,,,,,,,,,,,,,,,2/7/20 12:12,
Disc-shaped seeds of a wild petunia and gyroscopic stabilization,,,,,,,,,https://www.nytimes.com/2018/03/09/science/hairyflower-wild-petunia-seeds.html,,,,,,,,,,,,,,,,,,,,,,2/7/20 12:12,
How tortoises turn right-side up,https://www.nature.com/news/2007/071016/full/news.2007.170.html,,,,,,,,,,,,,,,,,,,,,,,,,,,,,,,
What kind of animal transports the seeds of the world's smallest fruit-bearing plants?,https://www.sciencedaily.com/releases/2020/08/200821094819.htm,,,,,,,,,,,,,,,,,,,,,,,,,,,,,,,
"How a 5-Ounce Bird Stores 10,000 Maps in Its Head",https://www.nationalgeographic.com/science/phenomena/2015/12/03/how-a-5-ounce-bird-stores-10000-maps-in-its-head/?cmpid=org=ngp::mc=crm-email::src=ngp::cmp=editorial::add=SpecialEdition_Escape_20200820&rid=96877D7AAC6AA2F15A5EB9717539FCDD,,,,,,,,,,,,,,,,,,,,,,,,,,,,,,,
DNA data also revealed genetic mutations that helped the woolly rhinoceros adapt to colder weather,https://www.sciencedaily.com/releases/2020/08/200813113157.htm,,,,,,,Adaptation,,,,,,,,,,,,,,,,,,,,,,,,
Plants hyperaccumulate heavy metals,https://www.bbc.com/future/article/20200825-indonesia-the-plants-that-mine-poisonous-metals,,,,,,,,,,,,,,,,,,,,,,,,,,,,,,,
Llama nanobodies,https://www.ucsf.edu/news/2020/08/418241/aeronabs-promise-powerful-inhalable-protection-against-covid-19?fbclid=IwAR2N4b1XG2wWOIhajaMu2W4r3gu5kLOijmJTVdhZn-ioPqhLbx84lXAx7q8,,,,,,,Covid,,,,,,,,,,,,,,,,,,,,,,,,
Songbirds reduce reproduction to help survive drought,https://www.sciencedaily.com/releases/2020/08/200827172100.htm,,,,,,,,,,,,,,,,,,,,,,,,,,,,,,,
Microbes with mettle build their own electrical ‘wires’,https://www.nature.com/articles/d41586-020-02482-3,,,,,,,,,,,,,,,,,,,,,,,,,,,,,,,
"Air plants, in the genus Tillandsia, absorb water vapour with their leaves, allowing them to live on tree trunks or inside glass bowls. To mimic Tillandsia foliage, Peng Xiao, Tao Chen and their colleagues at Ningbo Institute of Materials Technology and Engineering in China made a gel composed of a porous, water-attracting scaffold filled with a water-absorbing liquid. The gel also included long-chained molecules that can convert light energy to heat.",https://www.nature.com/articles/d41586-020-02255-y,,,,,,,,,,,,,,,,,,,,,,,,,,,,,,,
Paddlefish and jewel beetles add noise to detect signals,https://www.labnews.co.uk/article/2030834/biomimicry-informs-better-sensors-just-add-noise,,,,,,,,,,,,,,,,,,,,,,,,,,,,,,,
The Curious Case of the Spiders in the Ant-Acacia Mutualisms  ,https://entomologytoday.org/2020/09/09/curious-case-spiders-ant-acacia-mutualisms/?fbclid=IwAR2SoCKSwLZLQ5Tfei7vYYJ_sc45xXaioVrhamFgPl-GeIKW52xPb1-kAFU,,,,,May provide additional context for this strategy page: https://asknature.org/strategy/relationship-provides-nutrients-housing-protection/,,,,,,,,,,,,,,,,,,,,,,,,,,
Locomotion of Mexican jumping beans,https://iopscience.iop.org/article/10.1088/1748-3182/7/3/036014/pdf,,,,,,,,,,,,,,,,,,,,,,,,,,,,,,,
How the world’s chillest bacteria make ice,https://www.theverge.com/2016/4/22/11486644/ice-crystal-bacteria-process-study,,,,,,,,,,,,,,,,,,,,,,,,,,,,,,,
The Simple Algorithm That Ants Use to Build Bridges,https://getpocket.com/explore/item/the-simple-algorithm-that-ants-use-to-build-bridges?utm_source=pocket-newtab,,,,,,,,,,,,,,,,,,,,,,,,,,,,,,,
Fungal compound inhibits important group of proteins,https://www.sciencedaily.com/releases/2020/09/200928125031.htm,,,,,,,,,,,,,,,,,,,,,,,,,,,,,,,
There's a reason bacteria stay in shape,https://www.sciencedaily.com/releases/2020/10/201006132122.htm,,,,,,,,,,,,,,,,,,,,,,,,,,,,,,,
Tapping secrets of Aussie spider's unique silk,https://www.sciencedaily.com/releases/2020/10/201019082832.htm,,,,,,,,,,,,,,,,,,,,,,,,,,,,,,,
Cheaters don't always win: Species that work together do better (mutualism),https://www.sciencedaily.com/releases/2020/10/201019145551.htm,,,,,,,,,,,,,,,,,,,,,,,,,,,,,,,
How information is passed through schools of fish,https://iopscience.iop.org/article/10.1088/1748-3190/aba2f6,,,,,,,,,,,,,,,,,,,,,,,,,,,,,,,
Aerodynamic performance of flexible wings,https://iopscience.iop.org/article/10.1088/1748-3190/aba8ac,,,,,,,,,,,,,,,,,,,,,,,,,,,,,,,
Bird wings act as a suspension system that rejects gusts,https://royalsocietypublishing.org/doi/10.1098/rspb.2020.1748,,,,,,,,,,,,,,,,,,,,,,,,,,,,,,,
How do snakes 'see' in the dark?,https://www.sciencedaily.com/releases/2020/10/201021130125.htm,,,,,,,,,,,,,,,,,,,,,,,,,,,,,,,
Secret surfing life of remoras hitchhiking on blue whales,https://www.sciencedaily.com/releases/2020/10/201028195617.htm,,,,,,,,,,,,,,,,,,,,,,,,,,,,,,,
Secrets of 'smasher shrimp' property ladder revealed,https://www.sciencedaily.com/releases/2020/10/201028110637.htm,,,,,,,,,,,,,,,,,,,,,,,,,,,,,,,
"Freeze tolerance in invertebrates – beyond the standard antifreeze approach to include “cell preservation strategies (chaperones, antioxidants, damage defense mechanisms), membrane transporters for water and cryoprotectants, energy metabolism, gene/protein adaptations, and the regulatory control of freeze-responsive hypometabolism at multiple levels (epigenetic regulation of DNA, microRNA action, cell signaling and transcription factor regulation, cell cycle control, and anti-apoptosis).”",https://pubmed.ncbi.nlm.nih.gov/28179395/,Mary Hoff,,,,,,,,,,,,,,,,,,,,,,,,,,,,,,
Sensing hydrodynamic information – lateral line in fish (2012 review paper) ,https://link.springer.com/chapter/10.1007/978-3-211-99749-9_1,Mary Hoff,,,,,,,,,,,,,,,,,,,,,,,,,,,,,,
Robotic movement along “tricky terrain” – emulating cockroaches and snakes ,https://www.newswise.com/articles/jitterbug-roaches-and-robots-shake-it-to-transition-between-movements-in-tricky-terrain?sc=sphr&xy=10017257,Mary Hoff,,,,,,,,,,,,,,,,,,,,,,,,,,,,,,
Drug delivery – “nanocontainers” for precise delivery based on nature’s strategies for compartmentalizing,https://www.sciencedirect.com/science/article/pii/B9780128167700000204,Mary Hoff,,,,,,,,,,,,,,,,,,,,,,,,,,,,,,
Protection against ice crystals – lesson for concrete from organisms found at the poles,https://www.newswise.com/articles/nature-s-antifreeze-provides-formula-for-more-durable-concrete?sc=swhr&xy=10017257,Mary Hoff,,,,,,,,,,,,,,,,,,,,,,,,,,,,,,
Super-strong armor – puzzle-piece-shaped wing cover protects insect from crushing,https://www.sciencemag.org/news/2020/10/even-car-can-t-kill-beetle-here-s-why?utm_campaign=news_weekly_2020-10-23&et_rid=17351447&et_cid=3530918,Mary Hoff,,,,,,,,,,,,,,,,,,,,,,,,,,,,,,
"Protective surfaces – tough and flexible, based on carp scales in which internal twisted fibers rotate to absorb load",https://www.newswise.com/articles/off-the-scales-fish-armor-both-tough-and-flexible?sc=swhr&xy=10017257,Mary Hoff,,,,,,,,,,,,,,,,,,,,,,,,,,,,,,
Ogre-faced spiders 'hear' airborne prey with their legs,https://www.sciencedaily.com/releases/2020/10/201029115812.htm,,,,,,,,,,,,,,,,,,,,,,,,,,,,,,,
How do Mexican cavefish escape predators?,https://www.sciencedaily.com/releases/2020/10/201029105115.htm,,,,,,,,,,,,,,,,,,,,,,,,,,,,,,,
Enhanced water repellent surfaces – newly (2020) discovered nanostructure in insects,https://www.sciencedaily.com/releases/2020/07/200717140740.htm,Mary Hoff,,,,,,,,,,,,,,,,,,,,,,,,,,,,,,
Touch and taste? It's all in the tentacles,https://www.sciencedaily.com/releases/2020/10/201029142025.htm,,,,,,,,,,,,,,,,,,,,,,,,,,,,,,,
Technique reveals deeper insights into the makeup of nacre,https://phys.org/news/2020-11-technique-reveals-deeper-insights-makeup.html,,,,,,,,,,,,,,,,,,,,,,,,,,,,,,,
The cement for coral reefs,https://www.sciencedaily.com/releases/2020/11/201103115652.htm,,,,,,,,,,,,,,,,,,,,,,,,,,,,,,,
Scientists determine the structure of glass-shaping protein in sponges,https://www.sciencedaily.com/releases/2020/11/201125114354.htm,,,,,,,,,,,,,,,,,,,,,,,,,,,,,,,
Bee dance,https://youtu.be/ubE9hjrsHmI,,,,,"Neil deGrasse Tyson Nat Geo video
",,,,,,,,,,,,,,,,,,,,,,,,,,
"How the brain remembers right place, right time",https://www.sciencedaily.com/releases/2020/12/201208163021.htm,,,,,,,,,,,,,,,,,,,,,,,,,,,,,,,
Zebra finches amazing at unmasking the bird behind the song,https://www.sciencedaily.com/releases/2020/11/201121104309.htm,,,,,,,,,,,,,,,,,,,,,,,,,,,,,,,
"Photonic structures open and close based on body temperature (and tons of other photonics in plants and animals, 2020 review paper)",https://pubs.rsc.org/en/content/articlelanding/2020/na/d0na00445f#!divAbstract,Mary Hoff,,,,,,,,,,,,,,,,,,,,,,,,,,,,,,
Thermal management systems cool buildings,https://www.sciencedirect.com/science/article/pii/S0378778819337946,Mary Hoff,,,,,,,,,,,,,,,,,,,,,,,,,,,,,,
Caterpillars communicate using vibration,https://facultyweb.cortland.edu/fitzgerald/VibrationalCommunication.html,Mary Hoff,,,,,,,,,,,,,,,,,,,,,,,,,,,,,,
Firefly lantern focuses light,https://www.pnas.org/content/109/46/18674,Mary Hoff,,,,,,,,,,,,,,,,,,,,,,,,,,,,,,
Eggshells protect from ultraviolet light,https://pubs.rsc.org/en/content/articlelanding/2020/fd/d0fd00034e/unauth#!divAbstract,Mary Hoff,,,,,,,,,,,,,,,,,,,,,,,,,,,,,,
Plants avoid dehydration by rolling their leaves,https://link.springer.com/article/10.1663/0006-8101(2007)73[290:ADAMLR]2.0.CO;2,Mary Hoff,,,,,,,,,,,,,,,,,,,,,,,,,,,,,,
Pearls inform information processing,https://www.sciencedaily.com/releases/2020/11/201113075237.htm,Mary Hoff,,,,,,,,,,,,,,,,,,,,,,,,,,,,,,
Structures aid cleanliness,https://jeb-biologists-org.ezp3.lib.umn.edu/content/218/20/3164.full,Mary Hoff,,,,,,,,,,,,,,,,,,,,,,,,,,,,,,
Flexible mouth manipulates objects underwater,https://www.newswise.com/articles/the-machine-inside-a-catfish-s-catch?sc=swhr&xy=10017257,Mary Hoff,,,,,,,,,,,,,,,,,,,,,,,,,,,,,,
Chemicals adhere,https://link-springer-com.ezp2.lib.umn.edu/book/10.1007%2F978-3-7091-0286-2,Mary Hoff,,,,,,,,,,,,,,,,,,,,,,,,,,,,,,
Eyelashes divert flow of air,https://royalsocietypublishing.org/doi/full/10.1098/rsif.2014.1294,Mary Hoff,,,,,,,,,,,,,,,,,,,,,,,,,,,,,,
Microbial communities organize systems,https://www.cell.com/joule/fulltext/S2542-4351(20)30449-9,Mary Hoff,,,,,,,,,,,,,,,,,,,,,,,,,,,,,,
Tails repel mosquitoes,https://jeb.biologists.org/content/221/20/jeb178905.article-info,Mary Hoff,,,,,,,,,,,,,,,,,,,,,,,,,,,,,,
Deinococcus radiodurans resists damage from radiation,https://www.youtube.com/watch?v=cyOrx2o8IC0,,,,,,,,,,,,,,,,,,,,,,,,,,,,,,,
Honey bees (Apis cerana) use animal feces as a tool to defend colonies against group attack by giant hornets (Vespa soror),https://journals.plos.org/plosone/article?id=10.1371/journal.pone.0242668,,,,,,,,,,,,,,,,,,,,,,,,,,,,,,,
Engineers reveal molecular secrets of cephalopod powers,https://www.sciencedaily.com/releases/2020/12/201218094510.htm,,,,,,,,,,,,,,,,,,,,,,,,,,,,,,,
"Limb work and joint work minimization reveal an energetic benefit to the elbows-back, knees-forward limb design in parasagittal quadrupeds",https://royalsocietypublishing.org/doi/10.1098/rspb.2020.1517,,,,,,,,,,,,,,,,,,,,,,,,,,,,,,,
Bacteria use iron to help navigate,https://www.researchgate.net/profile/Stephen_Bates/publication/327543450_Marine_Biominerals_with_a_Biotechnological_Future/links/5ee276a7a6fdcc73be7173fc/Marine-Biominerals-with-a-Biotechnological-Future.pdf,Mary Hoff,,,,,,,,,,,,,,,,,,,,,,,,,,,,,,
Marine mammals use a variety of structural materials,https://www.researchgate.net/profile/Stephen_Bates/publication/327543450_Marine_Biominerals_with_a_Biotechnological_Future/links/5ee276a7a6fdcc73be7173fc/Marine-Biominerals-with-a-Biotechnological-Future.pdf,Mary Hoff,,,,,,,,,,,,,,,,,,,,,,,,,,,,,,
Nautilus focuses vision without lenses,https://animaldiversity.org/accounts/Nautilus_pompilius/,Mary Hoff,,,,,,,,,,,,,,,,,,,,,,,,,,,,,,
"Nautilus produces strong, thin coating material",https://animaldiversity.org/accounts/Nautilus_pompilius/,Mary Hoff,,,,,,,,,,,,,,,,,,,,,,,,,,,,,,
Scientists discover how mother-of-pearl self-assembles into a perfect structure,https://www.sciencedaily.com/releases/2021/01/210104131942.htm,,,,,,,,,,,,,,,,,,,,,,,,,,,,,,,
Scientists discover slimy microbes that may help keep coral reefs healthy,https://www.sciencedaily.com/releases/2021/01/210109152432.htm,,,,,,,,,,,,,,,,,,,,,,,,,,,,,,,
DNA origami,https://www.sciencedaily.com/releases/2021/01/210109152424.htm,,,,,,,,,,,,,,,,,,,,,,,,,,,,,,,
Unravelling the mystery that makes viruses infectious,https://www.sciencedaily.com/releases/2021/01/210108142145.htm,,,,,,,,,,,,,,,,,,,,,,,,,,,,,,,
Jellyfish create a 'virtual wall' to enhance performance,https://www.sciencedaily.com/releases/2021/01/210108123440.htm,,,,,,,,,,,,,,,,,,,,,,,,,,,,,,,
How 'Iron Man' bacteria could help protect the environment,https://www.sciencedaily.com/releases/2021/01/210108120100.htm,,,,,,,,,,,,,,,,,,,,,,,,,,,,,,,
Cracking the code of a shapeshifting protein,https://www.sciencedaily.com/releases/2021/01/210111135904.htm,,,,,,,,,,,,,,,,,,,,,,,,,,,,,,,
tree snake climbs with a lasso-like motion,https://www.sciencedaily.com/releases/2021/01/210111112153.htm,,,,,,,,,,,,,,,,,,,,,,,,,,,,,,,
Metazoan creates virtual wall to enhance swimming performance,https://royalsocietypublishing.org/doi/full/10.1098/rspb.2020.2494,Mary Hoff,,,,,,,,,,,,,,,,,,,,,,,,,,,,,,
Compound from medicinal herb kills brain-eating amoebae in lab studies,https://www.sciencedaily.com/releases/2021/01/210113132411.htm,,,,,,,,,,,,,,,,,,,,,,,,,,,,,,,
How teeth functioned and evolved in giant mega-sharks,https://www.sciencedaily.com/releases/2021/01/210113090934.htm,,,,,,,,,,,,,,,,,,,,,,,,,,,,,,,
Walrus clam consumption rate,,Megan Schuknecht ,,,,,,,,,,,,,,,,,,,,,,,,,,,,,,
How plants produce defensive toxins without harming themselves,https://www.sciencedaily.com/releases/2021/01/210114163933.htm,,,,,,,,,,,,,,,,,,,,,,,,,,,,,,,
Scientists discover electric eels hunting in a group,https://www.sciencedaily.com/releases/2021/01/210114163927.htm,,,,,,,,,,,,,,,,,,,,,,,,,,,,,,,
Toadlet peptide transforms into a deadly weapon against bacteria,https://www.sciencedaily.com/releases/2021/01/210114163851.htm,,,,,,,,,,,,,,,,,,,,,,,,,,,,,,,
emulating the way certain bacteria (methanotrophs) metabolize methane,https://biomimicry.org/solution/methanolite/,Andrew Howley,bacteria,,,,,,,,,,,,,,,,,,,,,,,,,,,,,
Branching - how natural systems optimize use of space w/ lessons for organizational design etc.,,Mary Hoff,,,,,,,,,,,,,,,,,,,,,,,,,,,,,,
This is NOT a Dandelion,,,,,,,,,,,,,,,,,,,,,,https://www.youtube.com/watch?v=_7SIHtWu2hw&ab_channel=DeepLook,,,,,,,,,,
What Actually Makes Water Roll of a Duck's Back?,,,,,,,,,,,,,,,,,,,,,,https://www.youtube.com/watch?v=Q-8GXk9r0ik&t=99s&ab_channel=DeepLook,,,,,,,,,,
Ensatina Salamanders Are Heading For a Family Split,,,,,,,,,,,,,,,,,,,,,,https://www.youtube.com/watch?v=GppCj4Al7Rg&ab_channel=DeepLook,,,,,,,,,,
Sharpshooter Insects' Sexy Vibrations Spell Trouble in the Vineyard,,,Insect,,,,,,,,,,,,,,,,,,,https://www.youtube.com/watch?v=LYxTyMF9k_4&ab_channel=DeepLook,,,,,,,,,,
How The Coronavirus Attacks Your Lungs,,,,,,,,,,,,,,,,,,,,,,https://www.youtube.com/watch?v=aWw_6NyKTVw&ab_channel=DeepLook,,,,,,,,,,
California Floater Mussels Take Fish For an Epic Joyride,,,,,,,,,,,,,,,,,,,,,,https://www.youtube.com/watch?v=m7p_w4zE3s4&ab_channel=DeepLook,,,,,,,,,,
This Dangerous Mosquito Lays Her Armored Eggs,,,Mosquito,,,,,,,,,,,,,,,,,,,https://www.youtube.com/watch?v=1T9jgBnXXvw&ab_channel=DeepLook,,,,,,,,,,
"Walking Sticks Stop, Drop and Clone to Survive",,,Insect,,,,,,,,,,,,,,,,,,,https://www.youtube.com/watch?v=Nxs0Q7ktaKU&ab_channel=DeepLook,,,,,,,,,,
"Kangaroo Rats Are Furry, Spring-Loaded Ninjas",,,,,,,,,,,,,,,,,,,,,,https://www.youtube.com/watch?v=-hyKWwiefF8&ab_channel=DeepLook,,,,,,,,,,
You Wish You Had Mites Like This Hissing Cockroach,,,Insect,,,,,,,,,,,,,,,,,,,https://www.youtube.com/watch?v=t3gvx8UQiZA&ab_channel=DeepLook,,,,,,,,,,
A Tsetse Fly Births One Enormous Milk-Fed Baby,,,Insect,,,,,,,,,,,,,,,,,,,https://www.youtube.com/watch?v=odCtCote9U0&ab_channel=DeepLook,,,,,,,,,,
The Curious Webspinner Insect Knits a Cozy Home,,,Insect,,,,,,,,,,,,,,,,,,,https://www.youtube.com/watch?v=l_JP3RbJ8zk&ab_channel=DeepLook,,,,,,,,,,
Tarantulas Take Hooking Up To The Next Level,,,,,,,,,,,,,,,,,,,,,,https://www.youtube.com/watch?v=5gOKd4cqFaY&ab_channel=DeepLook,,,,,,,,,,
The Killer Fungus Turns Flies into Zombies,,,,,,,,,,,,,,,,,,,,,,https://www.youtube.com/watch?v=C2Jw5ib-s_I&ab_channel=DeepLook,,,,,,,,,,
These Giant Leaf Insects Will Sway Your Heart,,,Insect,,,,,,,,,,,,,,,,,,,https://www.youtube.com/watch?v=QjPInsEYDLs&ab_channel=DeepLook,,,,,,,,,,
Kidnapper Ants Steal Other Ants' Babies - And Brainwash Them,,,Insect,,,,,,,,,,,,,,,,,,,https://www.youtube.com/watch?v=sC4MjPKf3jY&ab_channel=DeepLook,,,,,,,,,,
This Bee Gets Punched by Flowers For Your Ice Cream,,,Insect,,,,,,,,,,,,,,,,,,,https://www.youtube.com/watch?v=rsUNxvXofgo&ab_channel=DeepLook,,,,,,,,,,
"Peregrine Falcons are Feathered Fighter Jets, Basically",,,,,,,,,,,,,,,,,,,,,,https://www.youtube.com/watch?v=lm0CtcEZV4E&ab_channel=DeepLook,,,,,,,,,,
Meeting a Wormlion Is the Pits,,,Insect,,,,,,,,,,,,,,,,,,,https://www.youtube.com/watch?v=dQMM93aySOw&ab_channel=DeepLook,,,,,,,,,,
These Face Mites Really Grow on You,,,,,,,,,,,,,,,,,,,,,,https://www.youtube.com/watch?v=YW2eGaUzq7E&ab_channel=DeepLook,,,,,,,,,,
Honey Bees Make Honey...and Bread?,,,Insect,,,,,,,,,,,,,,,,,,,https://www.youtube.com/watch?v=sAKkjD3nEv0&ab_channel=DeepLook,,,,,,,,,,
This Millipede and Beetle Have a Toxic Relationship,,,,,,,,,,,,,,,,,,,,,,https://www.youtube.com/watch?v=s5ocDRUFUIE&ab_channel=DeepLook,,,,,,,,,,
"Samurai Wasps Say 'Smell Ya Later, Stink Bugs'",,,Insect,,,,,,,,,,,,,,,,,,,https://www.youtube.com/watch?v=T8y2XmjdXqw&ab_channel=DeepLook,,,,,,,,,,
These Hairworms Eat a Cricket Alive and Control Its Mind,,,,,,,,,,,,,,,,,,,,,,https://www.youtube.com/watch?v=YB6O7jS_VBM&ab_channel=DeepLook,,,,,,,,,,
Turret Spiders Launch Sneak Attacks From Tiny Towers,,,,,,,,,,,,,,,,,,,,,,https://www.youtube.com/watch?v=9bEjYunwByw&ab_channel=DeepLook,,,,,,,,,,
Jerusalem Crickets Only Date Drummers,,,Insect,,,,,,,,,,,,,,,,,,,https://www.youtube.com/watch?v=mHbwC-AIyTE&ab_channel=DeepLook,,,,,,,,,,
Whack! Jab! Crack! It's a Blackback Land Crab Smackdown,,,,,,,,,,,,,,,,,,,,,,https://www.youtube.com/watch?v=KBMUhG0aEFg&ab_channel=DeepLook,,,,,,,,,,
Want a Whole New Body? Ask This Flatworm How,,,,,,,,,,,,,,,,,,,,,,https://www.youtube.com/watch?v=m12xsf5g3Bo&ab_channel=DeepLook,,,,,,,,,,
A Sand Dollar's Breakfast is Totally Metal,,,,,,,,,,,,,,,,,,,,,,https://www.youtube.com/watch?v=dxZdBPDNiF4&ab_channel=DeepLook,,,,,,,,,,
"The House Centipede is Fast, Furious, and Just So Extra",,,,,,,,,,,,,,,,,,,,,,https://www.youtube.com/watch?v=q2RtbP1d7Kg&ab_channel=DeepLook,,,,,,,,,,
How Kittens Go From Clueless to Cute,,,,,,,,,,,,,,,,,,,,,,https://www.youtube.com/watch?v=o1xRlkNwQy8&ab_channel=DeepLook,,,,,,,,,,
This Adorable Sea Slug is a Sneaky Little Thief,,,,,,,,,,,,,,,,,,,,,,https://www.youtube.com/watch?v=KLVfWKxtfow&ab_channel=DeepLook,,,,,,,,,,
Watch This Bee Build Her Bee-jeweled Nest,,,Insect,,,,,,,,,,,,,,,,,,,https://www.youtube.com/watch?v=oPbH1YhsdP8&ab_channel=DeepLook,,,,,,,,,,
How Elephants Listen...With Their Feet,,,,,,,,,,,,,,,,,,,,,,https://www.youtube.com/watch?v=iYM9oXftLIQ&ab_channel=DeepLook,,,,,,,,,,
Praying Mantis Love is Waaay Weirder Than You Think,,,Insect,,,,,,,,,,,,,,,,,,,https://www.youtube.com/watch?v=NHf47gI8w04&ab_channel=DeepLook,,,,,,,,,,
You'd Never Guess What an Acorn Woodpecker Eats,,,,,,,,,,,,,,,,,,,,,,https://www.youtube.com/watch?v=XvPaiDX_3JM&ab_channel=DeepLook,,,,,,,,,,
You've Heard of a Murder of Crows. How About a Crow Funeral?,,,,,,,,,,,,,,,,,,,,,,https://www.youtube.com/watch?v=ixYVFZnNl6s&t=3s&ab_channel=DeepLook,,,,,,,,,,
Upside-Down Catfish Doesn't Care What You Think,,,,,,,,,,,,,,,,,,,,,,https://www.youtube.com/watch?v=eurCBOJMrsE&ab_channel=DeepLook,,,,,,,,,,
Take Two Leeches and Call Me in the Morning,,,,,,,,,,,,,,,,,,,,,,https://www.youtube.com/watch?v=O-0SFWPLaII&ab_channel=DeepLook,,,,,,,,,,
How Ticks Dig In With a Mouth Full of Hooks,,,,,,,,,,,,,,,,,,,,,,https://www.youtube.com/watch?v=_IoOJu2_FKE&ab_channel=DeepLook,,,,,,,,,,
So...Sometimes Fireflies Eat Other Fireflies,,,Firefly,,,,,,,,,,,,,,,,,,,https://www.youtube.com/watch?v=oWdCMFvgFbo&t=7s&ab_channel=DeepLook,,,,,,,,,,
For Pacific Mole Crabs It's Dig or Die,,,,,,,,,,,,,,,,,,,,,,https://www.youtube.com/watch?v=tfoYD8pAsMw&t=5s&ab_channel=DeepLook,,,,,,,,,,
It's a Goopy Mess When Pines and Beetles Duke it Out,,,,,,,,,,,,,,,,,,,,,,https://www.youtube.com/watch?v=wR5O48zsbnc&ab_channel=DeepLook,,,,,,,,,,
Why the Male Black Widow is a Real Home Wrecker,,,,,,,,,,,,,,,,,,,,,,https://www.youtube.com/watch?v=NpJNeGqExrc&ab_channel=DeepLook,,,,,,,,,,
What Do Earwigs Do With Those Pincers Anyway?,,,Insect,,,,,,,,,,,,,,,,,,,https://www.youtube.com/watch?v=HuOnqWpIL9E&t=1s&ab_channel=DeepLook,,,,,,,,,,
"These Whispering, Walking Bats Are Onto Something",,,,,,,,,,,,,,,,,,,,,,https://www.youtube.com/watch?v=l2py029bwhA&ab_channel=DeepLook,,,,,,,,,,
There's Something Very Fishy About These Trees...,,,,,,,,,,,,,,,,,,,,,,https://www.youtube.com/watch?v=rZWiWh5acbE&ab_channel=DeepLook,,,,,,,,,,
A Baby Dragonfly's Mouth Will Give You Nightmares,,,Dragonfly,,,,,,,,,,,,,,,,,,,https://www.youtube.com/watch?v=EHo_9wnnUTE&ab_channel=DeepLook,,,,,,,,,,
Daddy Longlegs Risk Life...and Especially Limb....to Survive,,,,,,,,,,,,,,,,,,,,,,https://www.youtube.com/watch?v=tjDmH8zhp6o&ab_channel=DeepLook,,,,,,,,,,
This is Why Water Striders Make Terrible Lifeguards,,,,,,,,,,,,,,,,,,,,,,https://www.youtube.com/watch?v=E2unnSK7WTE&ab_channel=DeepLook,,,,,,,,,,
Why Is The Very Hungry Caterpillar So Dang Hungry?,,,Butterfly,,,,,,,,,,,,,,,,,,,https://www.youtube.com/watch?v=el_lPd2oFV4&ab_channel=DeepLook,,,,,,,,,,
A Real Alien Invasion is Coming to a Palm Tree Near You,,,,,,,,,,,,,,,,,,,,,,https://www.youtube.com/watch?v=S6a3Q5DzeBM&ab_channel=DeepLook,,,,,,,,,,
These Fish Are All About Sex on the Beach,,,,,,,,,,,,,,,,,,,,,,https://www.youtube.com/watch?v=j5F3z1iP0Ic&ab_channel=DeepLook,,,,,,,,,,
Behind the Scenes with Deep Look: The Diva Collector Crabs,,,,,,,,,,,,,,,,,,,,,,https://www.youtube.com/watch?v=ErVTx-U90c0&ab_channel=DeepLook,,,,,,,,,,
Decorator Crabs Make High Fashion at Low Tide,,,,,,,,,,,,,,,,,,,,,,https://www.youtube.com/watch?v=OwQcv7TyX04&ab_channel=DeepLook,,,,,,,,,,
These Fighting Fruit Flies Are Superheroes of Brain Science,,,,,,,,,,,,,,,,,,,,,,https://www.youtube.com/watch?v=yvd3X1N0jUU&ab_channel=DeepLook,,,,,,,,,,
Everything You Never Wanted to Know About Snail Sex,,,,,,,,,,,,,,,,,,,,,,https://www.youtube.com/watch?v=UOcLaI44TXA&ab_channel=DeepLook,,,,,,,,,,
"For These Tiny Spiders, It's Sing or Get Served",,,,,,,,,,,,,,,,,,,,,,https://www.youtube.com/watch?v=y7qMqAgCqME&t=21s&ab_channel=DeepLook,,,,,,,,,,
Why Does Your Cat's Tongue Feel Like Sandpaper?,,,,,,,,,,,,,,,,,,,,,,https://www.youtube.com/watch?v=9h_QtLol75I&ab_channel=DeepLook,,,,,,,,,,
"If Your Hands Could Smell, You'd Be an Octopus",,,,,,,,,,,,,,,,,,,,,,https://www.youtube.com/watch?v=XXMxihOh8ps&ab_channel=DeepLook,,,,,,,,,,
The Double-Crossing Ants to Whom Friendship Means Nothing,,,Insect,,,,,,,,,,,,,,,,,,,https://www.youtube.com/watch?v=fguo3HvWjb0&ab_channel=DeepLook,,,,,,,,,,
Watch These Frustrated Squirrels Go Nuts!,,,,,,,,,,,,,,,,,,,,,,https://www.youtube.com/watch?v=ZUjQtJGaSpk&ab_channel=DeepLook,,,,,,,,,,
"Can the Frog Apocalypse be Stopped by a New ""Vaccine""?",,,,,,,,,,,,,,,,,,,,,,https://www.youtube.com/watch?v=-IXVcyCZVBg&ab_channel=DeepLook,,,,,,,,,,
Sea Urchins Pull Themselves Inside Out to be Reborn,,,,,,,,,,,,,,,,,,,,,,https://www.youtube.com/watch?v=ak2xqH5h0YY&ab_channel=DeepLook,,,,,,,,,,
This Vibrating Bumblebee Unlocks a Flower's Hidden Treasure,,,,,,,,,,,,,,,,,,,,,,https://www.youtube.com/watch?v=SZrTndD1H10&ab_channel=DeepLook,,,,,,,,,,
These Carnivorous Worms Catch Bugs by Mimicking the Night Sky,,,,,,,,,,,,,,,,,,,,,,https://www.youtube.com/watch?v=vLb0iuTVzW0&ab_channel=DeepLook,,,,,,,,,,
These Lizards Have Been Playing Rock-Paper-Scissors for 15 Million Years,,,,,,,,,,,,,,,,,,,,,,https://www.youtube.com/watch?v=rafdHxBwIbQ&ab_channel=DeepLook,,,,,,,,,,
Winter is Coming For These Argentine Ant Invaders,,,,,,,,,,,,,,,,,,,,,,https://www.youtube.com/watch?v=boyzWeHdtiI&ab_channel=DeepLook,,,,,,,,,,
"Meet the Dust Mites, Tiny Roommates That Feast On Your Skin",,,,,,,,,,,,,,,,,,,,,,https://www.youtube.com/watch?v=ACrLMtPyRM0&t=67s&ab_channel=DeepLook,,,,,,,,,,
The Bombardier Beetle And Its Crazy Chemical Cannon,,,,,,,,,,,,,,,,,,,,,,https://www.youtube.com/watch?v=BWwgLS5tK80&ab_channel=DeepLook,,,,,,,,,,
This Mushroom Starts Killing You Before You Even Realize It,,,,,,,,,,,,,,,,,,,,,,https://www.youtube.com/watch?v=bl9aCH2QaQY&t=20s&ab_channel=DeepLook,,,,,,,,,,
The Ladybug Love-In: A Valentine's Special,,,,,,,,,,,,,,,,,,,,,,https://www.youtube.com/watch?v=c-Z6xRexbIU&ab_channel=DeepLook,,,,,,,,,,
These Crazy Cute Baby Turtles Want Their Lake Back,,,,,,,,,,,,,,,,,,,,,,https://www.youtube.com/watch?v=YTYFdpNpkMY&ab_channel=DeepLook,,,,,,,,,,
Newt Sex: Buff Males! Writhing Females! Cannibalism?,,,,,,,,,,,,,,,,,,,,,,https://www.youtube.com/watch?v=5m37QR_4XNY&ab_channel=DeepLook,,,,,,,,,,
The Sex Lives of Christmas Trees,,,,,,,,,,,,,,,,,,,,,,https://www.youtube.com/watch?v=xEji9I4Tcjo&ab_channel=DeepLook,,,,,,,,,,
Nature's Scuba Divers: How Beetles Breathe Underwater,,,,,,,,,,,,,,,,,,,,,,https://www.youtube.com/watch?v=T-RtG5Z-9jQ&ab_channel=DeepLook,,,,,,,,,,
From Drifter to Dynamo: The Story of Plankton,,,,,,,,,,,,,,,,,,,,,,https://www.youtube.com/watch?v=jUvJ5ANH86I&ab_channel=DeepLook,,,,,,,,,,
Watch Flesh-Eating Beetles Strip Bodies to the Bone,,,,,,,,,,,,,,,,,,,,,,https://www.youtube.com/watch?v=Np0hJGKrIWg&ab_channel=DeepLook,,,,,,,,,,
You're Not Hallucinating. That's Just Squid Skin,,,,,,,,,,,,,,,,,,,,,,https://www.youtube.com/watch?v=0wtLrlIKvJE&t=4s&ab_channel=DeepLook,,,,,,,,,,
What Happens When You Zap Coral With The World's Most Powerful X-ray Laser,,,,,,,,,,,,,,,,,,,,,,https://www.youtube.com/watch?v=aXmCU6IYnsA&ab_channel=DeepLook,,,,,,,,,,
What Happens When You Put a Hummingbird in a Wind Tunnel?,,,,,,,,,,,,,,,,,,,,,,https://www.youtube.com/watch?v=JyqY64ovjfY&ab_channel=DeepLook,,,,,,,,,,
"In the Race for Life, Which Human Embryos Make It?",,,,,,,,,,,,,,,,,,,,,,https://www.youtube.com/watch?v=9mv_kuwQvoc&ab_channel=DeepLook,,,,,,,,,,
The Fantastic Fur of Sea Otters,,,,,,,,,,,,,,,,,,,,,,https://www.youtube.com/watch?v=Zxqg_um1TXI&ab_channel=DeepLook,,,,,,,,,,
The Hidden Perils of Permafrost,,,,,,,,,,,,,,,,,,,,,,https://www.youtube.com/watch?v=wxABO84gol8&ab_channel=DeepLook,,,,,,,,,,
What Gall! The Crazy Cribs of Parasitic Wasps,,,,,,,,,,,,,,,,,,,,,,https://www.youtube.com/watch?v=lOgP5NzcTuA&ab_channel=DeepLook,,,,,,,,,,
Cuckoo nesting strategy optimizes search,https://www.newswise.com/doescience/?article_id=744602&returnurl=aHR0cHM6Ly93d3cubmV3c3dpc2UuY29tL2FydGljbGVzL2xpc3Q=&sc=sphr&xy=10017257,Mary Hoff,,,,,,,,,,,,,,,,,,,,,,,,,,,,,,
Snakes protect themselves against neurotoxic venom by changing charge of targeted molecules,https://www.newswise.com/articles/snakes-evolve-a-magnetic-way-to-be-resistant-to-venom?sc=swhn,Mary Hoff,,,,,,,,,,,,,,,,,,,,,,,,,,,,,,
Lovebirds flap wings to orient in wind,https://www.cambridge.org/core/blog/2020/11/05/watch-how-do-birds-fly-in-strong-winds/,Mary Hoff,,,,,,,,,,,,,,,,,,,,https://www.cambridge.org/core/blog/2020/11/05/watch-how-do-birds-fly-in-strong-winds/,,,,,,,,,,
Snakes evolve a magnetic way to be resistant to venom,https://www.sciencedaily.com/releases/2021/01/210115091359.htm,,,,,,,,,,,,,,,,,,,,,,,,,,,,,,,
Glass frogs living near roaring waterfalls wave hello to attract mates,https://www.sciencedaily.com/releases/2021/01/210115155338.htm,,,,,,,,,,,,,,,,,,,,,,,,,,,,,,,
Scientists identify nutrient that helps prevent bacterial infection,https://www.sciencedaily.com/releases/2021/01/210115135300.htm,,,,,,,,,,,,,,,,,,,,,,,,,,,,,,,
Organisms use flow-induced pressures,https://www.jstor.org/stable/27854960,Mary Hoff,,,,,,,,,,,,,,,,,,,,,,,,,,,,,,
,,,,,,,,,,,,,,,,,,,,,,,,,,,,,,,,
Sticky. Stretchy. Waterproof. The Amazing Underwater Tape of the Caddisfly.,,,,,,,,,,,,,,,,,,,,,,https://www.youtube.com/watch?v=Z3BHrzDHoYo&ab_channel=DeepLook,,,,,,,,,,
These Ressurection Plants Spring Back to Life in Seconds,,,,,,,,,,,,,,,,,,,,,,https://www.youtube.com/watch?v=eoFGKlZMo2g&ab_channel=DeepLook,,,,,,,,,,
Butterfly wing clap explains mystery of flight,https://www.sciencedaily.com/releases/2021/01/210121132059.htm,,,,,,,,,,,,,,,,,,,,,,,,,,,,,,,
Beetles reveal how to hide the body,https://www.sciencedaily.com/releases/2021/01/210121132014.htm,,,,,,,,,,,,,,,,,,,,,,,,,,,,,,,
Beetle alters odor to thwart competitors,https://theconversation.com/beetle-parents-manipulate-information-broadcast-from-bacteria-in-a-rotting-corpse-151447?utm_medium=email&utm_campaign=Daily%20Newsletter%201262021&utm_content=Daily%20Newsletter%201262021+CID_f3d02c307f608e581dd5af65f99e23c9&utm_source=campaign_monitor_us&utm_term=Beetle%20parents%20manipulate%20information%20broadcast%20from%20bacteria%20in%20a%20rotting%20corpse,Mary Hoff,,,,,,,,,,,,,,,,,,,,,,,,,,,,,,
Roots hunt for nutrients,https://science.sciencemag.org/content/371/6528/478.1/tab-pdf,Mary Hoff,,,,,,,,,,,,,,,,,,,,,,,,,,,,,,
Sea cucumbers use polymers to change stiffness,https://pubs.acs.org/doi/pdf/10.1021/acs.chemrev.7b00168,,,,,,,,,,,,,,,,,,,,,,,,,,,,,,,
Sea cucumbers use polymers to change stiffness,https://pubs.acs.org/doi/pdf/10.1021/acs.chemrev.7b00168,Mary Hoff,,,,,,,,,,,,,,,,,,,,,,,,,,,,,,
Fish produce antifreeze (inspiration for better road salt),https://theconversation.com/to-make-less-harmful-road-salts-were-studying-natural-antifreezes-produced-by-fish-153087,Mary Hoff,,,,,,,,,,,,,,,,,,,,,,,,,,,,,,
Gut microbes in plant-eating ants help build tougher armor,https://news.cornell.edu/stories/2021/01/gut-microbes-plant-eating-ants-help-build-tougher-armor,lex.amore,ants,,,,,,,,,,,,,,,,,,,,,,,,,,,,,
Venus flytraps found to produce magnetic fields,https://www.sciencedaily.com/releases/2021/02/210202113815.htm,,,,,,,,,,,,,,,,,,,,,,,,,,,,,,,
Bird wing color saves flight energy,https://arc.aiaa.org/doi/abs/10.2514/6.2021-0848,Mary Hoff,,,,,,,,,,,,,,,,,,,,,,,,,,,,,,
Snake uses lasso approach to climb trees,https://www.smithsonianmag.com/science-nature/invasive-brown-tree-snakes-stun-scientists-amazing-new-climbing-tactic-180976728/,Mary Hoff,,,,,,,,,,,,,,,,,,,,,,,,,,,,,,
Bone arches aid biting,https://journals.plos.org/plosone/article?id=10.1371/journal.pone.0221287,Mary Hoff,,,,,,,,,,,,,,,,,,,,,,,,,,,,,,
Richness of plant species reduces the number of viral infections in meadows,https://www.sciencedaily.com/releases/2021/02/210208100531.htm,,,,,,,,,,,,,,,,,,,,,,,,,,,,,,,
Cells are collective thinkers,https://www.sciencedaily.com/releases/2021/02/210208114240.htm,,,,,,,,,,,,,,,,,,,,,,,,,,,,,,,
Dragonflies perform upside down backflips to right themselves,https://www.sciencedaily.com/releases/2021/02/210209204139.htm,,,,,,,,,,,,,,,,,,,,,,,,,,,,,,,
Hair surfaces enhance insulation value,https://www.emerald.com/insight/content/doi/10.1108/RJTA-16-03-2012-B009/full/html,Mary Hoff,,,,,,,,,,,,,,,,,,,,,,,,,,,,,,
Hollow hair insulates,https://septentrio.uit.no/index.php/rangifer/article/view/659,Mary Hoff,,,,,,,,,,,,,,,,,,,,,,,,,,,,,,
Lemurs show there's no single formula for lasting love,https://www.sciencedaily.com/releases/2021/02/210212094110.htm,,,,,,,,,,,,,,,,,,,,,,,,,,,,,,,
Birds can 'read' the Earth's magnetic signature well enough to get back on course,https://www.sciencedaily.com/releases/2021/02/210212111917.htm,,,,,,,,,,,,,,,,,,,,,,,,,,,,,,,
Higher elevation birds sport thicker down,https://www.sciencedaily.com/releases/2021/02/210215092430.htm,,,,,,,,,,,,,,,,,,,,,,,,,,,,,,,
Invasive flies prefer untouched territory when laying eggs,https://www.sciencedaily.com/releases/2021/02/210215092424.htm,,,,,,,,,,,,,,,,,,,,,,,,,,,,,,,
Tropical paper wasps babysit for neighbors,https://www.sciencedaily.com/releases/2021/02/210215131224.htm,,,,,,,,,,,,,,,,,,,,,,,,,,,,,,,
Snakes' heat-sensing organ,https://www.scientificamerican.com/article/snakes-flexible-heat-sensing-organs-explained/,,,,,,,,,,,,,,,,,,,,,,,,,,,,,,,
fungus mimics flower,https://www.scientificamerican.com/article/this-flower-is-really-a-fungus-in-disguise/,,,,,,,,,,,,,,,,,,,,,,,,,,,,,,,
Cone snail venom shows potential for treating severe malaria,https://www.sciencedaily.com/releases/2021/02/210218094534.htm,,,,,,,,,,,,,,,,,,,,,,,,,,,,,,,
How a single cell slime mold makes smart decisions without a central nervous system,https://www.sciencedaily.com/releases/2021/02/210223121643.htm,,,,,,,,,,,,,,,,,,,,,,,,,,,,,,,
"Whale sharks show remarkable capacity to recover from injuries, including partial fin re-growing",https://www.sciencedaily.com/releases/2021/02/210223110500.htm,,,,,,,,,,,,,,,,,,,,,,,,,,,,,,,
How single celled algae rotate as they swim towards the light,https://www.sciencedaily.com/releases/2021/02/210224120355.htm,,,,,,,,,,,,,,,,,,,,,,,,,,,,,,,
How sea stars stay attached to surfaces under extreme hydrodynamic loads,https://www.sciencedaily.com/releases/2021/02/210226103816.htm,,,,,,,,,,,,,,,,,,,,,,,,,,,,,,,
"Ecosystems allocate production, consumption & decomposition",https://www.pv-magazine.com/2021/02/09/novel-algorithm-for-integrating-solar-wind-hydrogen/,Mary Hoff,,,,,,,,,,,,,,,,,,,,,,,,,,,,,,
Unveiling the weaving fractal network of connecting neurons,https://www.sciencedaily.com/releases/2021/03/210302150116.htm,,,,,,,,,,,,,,,,,,,,,,,,,,,,,,,
New study gives the most detailed look yet at the neuroscience of placebo effects,https://www.sciencedaily.com/releases/2021/03/210302075417.htm,,,,,,,,,,,,,,,,,,,,,,,,,,,,,,,
Quick-learning cuttlefish pass 'the marshmallow test',https://www.sciencedaily.com/releases/2021/03/210302212001.htm,,,,,,,,,,,,,,,,,,,,,,,,,,,,,,,
Animals fake death for long periods to escape predators,https://www.sciencedaily.com/releases/2021/03/210302212004.htm,,,,,,,,,,,,,,,,,,,,,,,,,,,,,,,
Lung Mediated Auditory Contrast Enhancement Improves the Signal-to-Noise Ratio for Communication in Frogs,https://www.sciencedirect.com/science/article/pii/S0960982221001135,lex.amore,,,,,,,,,,,,,,,,,,,,,,,,,,,,,,
This frog has lungs that act like noise-canceling headphones,https://www.sciencedaily.com/releases/2021/03/210304145430.htm,,,,,,,,,,,,,,,,,,,,,,,,,,,,,,,
Snake's zig-zag pattern blurs vision,https://massivesci.com/articles/snakes-predation-camouflage-evolution/?utm_source=drip&utm_medium=email&utm_campaign=Clever+creatures+%28Weekend+Reads+08-07-20%29&utm_content=Strange+and+clever+animals,Mary Hoff,,,,,,,,,,,,,,,,,,,,,,,,,,,,,,
These sea slugs sever their own heads and regenerate brand-new bodies,https://www.sciencedaily.com/releases/2021/03/210308111922.htm,,,,,,,,,,,,,,,,,,,,,,,,,,,,,,,
Squids: Sophisticated skin,https://www.sciencedaily.com/releases/2021/03/210308131728.htm,,,,,,,,,,,,,,,,,,,,,,,,,,,,,,,
A little squid and its glowing bacteria yield new clues to symbiotic relationships,https://www.sciencedaily.com/releases/2021/03/210309153830.htm,,,,,,,,,,,,,,,,,,,,,,,,,,,,,,,
"Birds learn to avoid flashy, hard-to-catch butterflies and their lookalikes",https://www.sciencedaily.com/releases/2021/03/210311185936.htm,,,,,,,,,,,,,,,,,,,,,,,,,,,,,,,
Tree buttressing evens out stress,https://www.witpress.com/Secure/elibrary/papers/DN06/DN06002FU1.pdf,,,,,,,,,,,,,,,,,,,,,,,,,,,,,,,
Shark Blood (ask Lonny Lippsett),,Lonny Lippsett,,,,,,,,,,,,,,,,,,,,,,,,,,,,,,
How dragonfly larvae seize their prey,https://techxplore.com/news/2021-01-bio-inspired-robotics-dragonflies.html,,,,,,,,,,,,,,,,,,,,,,,,,,,,,,,
,https://advance.science.sfu.ca/publications/browserecord.php?-action=browse&-recid=22108,Mary Hoff,,,,,,,,,,,,,,,,,,,,,,,,,,,,,,
"How geckos orient their toes with shifting weight, especially when encountering slippery or rough patches",https://www.sciencedaily.com/releases/2020/05/200508145321.htm,,,,,,,,,,,,,,,,,,,,,,,,,,,,,,,
How to run on rough terrain,https://news.yale.edu/2019/03/13/how-run-rough-terrain-guide-humans-and-robots?utm_source=YNemail&utm_medium=email&utm_campaign=yn-03-14-19,,,,,,,,,,,,,,,,,,,,,,,,,,,,,,,
Mathematics of sea slug movement,https://www.sciencedaily.com/releases/2019/03/190307161919.htm,,,,,,,,,,,,,,,,,,,,,,,,,,,,,,,
Dragonfly prey capture,https://techxplore.com/news/2021-01-bio-inspired-robotics-dragonflies.html,,,,,,,,,,,,,,,,,,,,,,,,,,,,,,,
Common plants and pollinators act as anchors for ecosystems,https://www.sciencedaily.com/releases/2021/04/210419084256.htm,,,,,,,,,,,,,,,,,,,,,,,,,,,,,,,
"'Undruggable' cancer protein becomes druggable, thanks to shrub",https://www.sciencedaily.com/releases/2021/04/210420160909.htm,,,,,,,,,,,,,,,,,,,,,,,,,,,,,,,
Sea Snail’s Teeth Are The Strongest Biological Material,https://www.popsci.com/snails-teeth-have-just-dethroned-spiders-silk-strongest-biological-material/,,,,,,,,,,,,,,,,,,,,,,,,,,,,,,,
How pelicans fly above the ocean waves,https://jacobsschool.ucsd.edu/news/release/3261,,,,,,,,,,,,,,,,,,,,,,,,,,,,,,,
Sharks use Earth's magnetic fields to guide them like a map,https://www.sciencedaily.com/releases/2021/05/210506142036.htm,,,,,,,,,,,,,,,,,,,,,,,,,,,,,,,
Evolutionary biologists discover mechanism that enables lizards to breathe underwater,https://www.sciencedaily.com/releases/2021/05/210513124011.htm,,,,,,,,,,,,,,,,,,,,,,,,,,,,,,,
Birds make eggshells with remarkable properties,https://www.sciencedirect.com/science/article/abs/pii/S1742706114001317,Mary Hoff,,,,,,,,,,,,,,,,,,,,,,,,,,,,,,
"Bamboo makes a stiff, strong material",https://royalsocietypublishing.org/doi/full/10.1098/rsif.2014.0321,Mary Hoff,,,,,,,,,,,,,,,,,,,,,,,,,,,,,,
Wren Duets Mute Partner's Brain,https://phys.org/news/2021-05-duetting-songbirds-mute-musical-mind.html,,,,,,,Music,,,,,,,,,,,,,,,,,,,,,,,,
Mammals can use their intestines to breathe,https://www.sciencedaily.com/releases/2021/05/210514134205.htm,Lonny Lippsett,,,,,,,,,,,,,,,,,,,,,,,,,,,,,,
Partners in crime: Agricultural pest that relies on bacteria to overcome plant defenses,https://www.sciencedaily.com/releases/2021/05/210527155402.htm,,,,,,,,,,,,,,,,,,,,,,,,,,,,,,,
Discovery of ray sperms' unique swimming motion,https://www.sciencedaily.com/releases/2021/06/210610135548.htm,,,,,,,,,,,,,,,,,,,,,,,,,,,,,,,
Deer reverse osteoporosis,https://pubmed.ncbi.nlm.nih.gov/31446115/,Mary Hoff,,,,,,,,,,,,,,,,,,,,,,,,,,,,,,
The humidity of flowers acts as an invisible attractor for bumblebees,https://www.sciencedaily.com/releases/2021/06/210622123215.htm,,,,,,,,,,,,,,,,,,,,,,,,,,,,,,,
Studies in brainless slime molds reveal that they use physical cues to decide where to grow,https://wyss.harvard.edu/news/thinking-without-a-brain/,,,,,,,,,,,,,,,,,,,,,,,,,,,,,,,
Fluid flow through a deep-sea sponge could inspire engineering designs,https://www.nature.com/articles/d41586-021-01891-2,Beth Rattner,,,,,,,,,,,,,,,,,,,,,,,,,,,,,,
How the lateral line helps a fish to orient itself and avoid obstacles based on differing flow rates on either side of its body ,https://www.nature.com/articles/nature23096,,,,,,,,,,,,,,,,,,,,,,,,,,,,,,,
Hydraulic fin control aids maneuverability in tuna,https://www.futurity.org/tuna-fins-hydraulic-system-1494482/,Andrew Howley,,,,,,,,,,,,,,,,,,,,,,,,,,,,,,